,SHIP_NAME,WATER_BODY,CSN,STN_DATE,CODE,DEPTH_FROM,DETECTION,FLAG,VALUE,ABBREV,FULL_NAME,UNITS,LATITUDE_DD,LONGITUDE_DD
229801,CCGS LIMNOS,LAKE SUPERIOR,85,2016-08-17 15:39:00,100,0.0,,,22.5,TEMP,TEMPERATURE (OF WATER),DEG C,46.13194,-84.01611
327776,CCGS LIMNOS,LAKE SUPERIOR,84,2016-08-17 10:56:00,100,0.0,,,21.0,TEMP,TEMPERATURE (OF WATER),DEG C,46.47361,-84.45944
303183,CCGS LIMNOS,LAKE SUPERIOR,1,2019-09-05 00:00:00,100,0.0,,,17.0,TEMP,TEMPERATURE (OF WATER),DEG C,46.47417,-84.45944
58086,CCGS LIMNOS,LAKE SUPERIOR,48,2008-09-24 11:38:00,100,0.0,0.0,,15.5,TEMP,TEMPERATURE (OF WATER),DEG C,46.50528,-86.5675
4732,CCGS LIMNOS,LAKE SUPERIOR,6,2013-05-15 21:07:00,100,0.0,0.0,,3.0,TEMP,TEMPERATURE (OF WATER),DEG C,46.50806,-86.56778
74025,CCGS LIMNOS,LAKE SUPERIOR,7,2016-05-26 23:55:00,100,0.0,,,8.0,TEMP,TEMPERATURE (OF WATER),DEG C,46.50833,-86.56806
255168,CCGS LIMNOS,LAKE SUPERIOR,41,2011-05-21 16:30:00,100,0.0,0.0,,3.0,TEMP,TEMPERATURE (OF WATER),DEG C,46.50833,-86.56806
125777,CCGS LIMNOS,LAKE SUPERIOR,41,2019-09-14 00:00:00,100,0.0,,,11.5,TEMP,TEMPERATURE (OF WATER),DEG C,46.50889,-86.56778
26002,CCGS LIMNOS,LAKE SUPERIOR,48,2008-05-13 03:31:00,100,0.0,0.0,,2.5,TEMP,TEMPERATURE (OF WATER),DEG C,46.50917,-86.56917
27290,CCGS LIMNOS,LAKE SUPERIOR,41,2003-05-22 07:18:00,100,0.0,,,3.1,TEMP,TEMPERATURE (OF WATER),DEG C,46.50917,-86.56917
149743,CCGS LIMNOS,LAKE SUPERIOR,8,2016-08-05 00:04:00,100,0.0,,,20.5,TEMP,TEMPERATURE (OF WATER),DEG C,46.50944,-86.56778
276343,CCGS LIMNOS,LAKE SUPERIOR,2,2005-09-28 16:03:00,100,0.0,0.0,,18.1,TEMP,TEMPERATURE (OF WATER),DEG C,46.51639,-87.33722
317220,CCGS LIMNOS,LAKE SUPERIOR,33,2001-08-22 21:25:00,100,0.0,,,21.1,TEMP,TEMPERATURE (OF WATER),DEG C,46.51639,-87.33694
223748,CCGS LIMNOS,LAKE SUPERIOR,8,2016-05-27 03:49:00,100,0.0,,,7.5,TEMP,TEMPERATURE (OF WATER),DEG C,46.51639,-87.33611
102660,CCGS LIMNOS,LAKE SUPERIOR,7,2005-08-09 22:46:00,100,0.0,0.0,,20.0,TEMP,TEMPERATURE (OF WATER),DEG C,46.51667,-87.33667
270716,CCGS LIMNOS,LAKE SUPERIOR,5,2011-07-28 05:49:00,100,0.0,0.0,,19.0,TEMP,TEMPERATURE (OF WATER),DEG C,46.51667,-87.33667
194279,CCGS LIMNOS,LAKE SUPERIOR,7,2013-05-16 01:48:00,100,0.0,0.0,,3.5,TEMP,TEMPERATURE (OF WATER),DEG C,46.51667,-87.33639
145516,CCGS LIMNOS,LAKE SUPERIOR,47,2008-09-24 07:34:00,100,0.0,0.0,,15.5,TEMP,TEMPERATURE (OF WATER),DEG C,46.51694,-87.3375
94913,CCGS LIMNOS,LAKE SUPERIOR,40,2003-05-22 03:18:00,100,0.0,,,4.0,TEMP,TEMPERATURE (OF WATER),DEG C,46.51694,-87.33694
295325,CCGS LIMNOS,LAKE SUPERIOR,34,2011-05-20 18:33:00,100,0.0,0.0,,7.4,TEMP,TEMPERATURE (OF WATER),DEG C,46.51694,-87.33667
121820,CCGS LIMNOS,LAKE SUPERIOR,47,2008-05-12 23:28:00,100,0.0,0.0,,2.4,TEMP,TEMPERATURE (OF WATER),DEG C,46.51694,-87.33611
268090,CCGS LIMNOS,LAKE SUPERIOR,9,2016-08-05 05:18:00,100,0.0,,,14.0,TEMP,TEMPERATURE (OF WATER),DEG C,46.51694,-87.33583
151680,CCGS LIMNOS,LAKE SUPERIOR,30,2001-05-15 03:01:00,100,0.0,,,4.9,TEMP,TEMPERATURE (OF WATER),DEG C,46.51722,-87.3375
170136,CCGS LIMNOS,LAKE SUPERIOR,9,2005-05-29 19:31:00,100,0.0,0.0,,9.2,TEMP,TEMPERATURE (OF WATER),DEG C,46.51722,-87.33667
115136,CCGS LIMNOS,LAKE SUPERIOR,40,2019-09-14 00:00:00,100,0.0,,,15.0,TEMP,TEMPERATURE (OF WATER),DEG C,46.51722,-87.33583
294219,CCGS LIMNOS,LAKE SUPERIOR,27,2005-08-17 09:22:00,100,0.0,0.0,,19.799999,TEMP,TEMPERATURE (OF WATER),DEG C,46.54083,-84.75167
206367,CCGS LIMNOS,LAKE SUPERIOR,1,2003-05-16 14:40:00,100,0.0,,,2.6,TEMP,TEMPERATURE (OF WATER),DEG C,46.54278,-84.74861
204089,CCGS LIMNOS,LAKE SUPERIOR,1,2005-05-23 23:09:00,100,0.0,0.0,,3.5,TEMP,TEMPERATURE (OF WATER),DEG C,46.54278,-84.74806
182511,CCGS LIMNOS,LAKE SUPERIOR,1,2016-05-25 18:55:00,100,0.0,,,7.0,TEMP,TEMPERATURE (OF WATER),DEG C,46.54278,-84.74778
184092,CCGS LIMNOS,LAKE SUPERIOR,1,2011-07-27 01:58:00,100,0.0,0.0,,19.0,TEMP,TEMPERATURE (OF WATER),DEG C,46.54278,-84.74778
232696,CCGS LIMNOS,LAKE SUPERIOR,1,2008-09-16 23:46:00,100,0.0,0.0,,17.2,TEMP,TEMPERATURE (OF WATER),DEG C,46.54306,-84.74833
279156,CCGS LIMNOS,LAKE SUPERIOR,1,2013-05-15 02:24:00,100,0.0,0.0,,2.0,TEMP,TEMPERATURE (OF WATER),DEG C,46.54333,-84.74917
198110,CCGS LIMNOS,LAKE SUPERIOR,2,2019-09-05 00:00:00,100,0.0,,,17.0,TEMP,TEMPERATURE (OF WATER),DEG C,46.54333,-84.74861
72138,CCGS LIMNOS,LAKE SUPERIOR,1,2001-08-17 22:00:00,100,0.0,,,19.299999,TEMP,TEMPERATURE (OF WATER),DEG C,46.54333,-84.74778
243598,CCGS LIMNOS,LAKE SUPERIOR,1,2016-08-03 23:31:00,100,0.0,,,22.0,TEMP,TEMPERATURE (OF WATER),DEG C,46.54333,-84.7475
120507,CCGS LIMNOS,LAKE SUPERIOR,83,2016-08-17 08:43:00,100,0.0,,,22.0,TEMP,TEMPERATURE (OF WATER),DEG C,46.54361,-84.74833
224301,CCGS LIMNOS,LAKE SUPERIOR,38,2001-08-23 16:42:00,100,0.0,,,19.700001,TEMP,TEMPERATURE (OF WATER),DEG C,46.54361,-84.74833
92863,CCGS LIMNOS,LAKE SUPERIOR,1,2001-05-10 08:02:00,100,0.0,,,2.6,TEMP,TEMPERATURE (OF WATER),DEG C,46.54417,-84.74889
324626,CCGS LIMNOS,LAKE SUPERIOR,1,2011-05-11 00:59:00,100,0.0,0.0,,3.8,TEMP,TEMPERATURE (OF WATER),DEG C,46.54417,-84.74778
95512,CCGS LIMNOS,LAKE SUPERIOR,1,2008-05-06 23:50:00,100,0.0,0.0,,2.0,TEMP,TEMPERATURE (OF WATER),DEG C,46.54444,-84.75111
169747,CCGS LIMNOS,LAKE SUPERIOR,1,2005-09-27 00:14:00,100,0.0,0.0,,18.799999,TEMP,TEMPERATURE (OF WATER),DEG C,46.54639,-84.74778
54799,CCGS LIMNOS,LAKE SUPERIOR,41,2019-05-27 00:00:00,100,0.0,,,3.5,TEMP,TEMPERATURE (OF WATER),DEG C,46.60083,-84.59194
175183,CCGS LIMNOS,LAKE SUPERIOR,30,2016-08-08 01:30:00,100,0.0,,,22.0,TEMP,TEMPERATURE (OF WATER),DEG C,46.69944,-90.03083
289465,CCGS LIMNOS,LAKE SUPERIOR,40,2019-05-27 00:00:00,100,0.0,,,4.5,TEMP,TEMPERATURE (OF WATER),DEG C,46.69972,-84.60083
79085,CCGS LIMNOS,LAKE SUPERIOR,33,2008-09-22 06:37:00,100,0.0,0.0,,14.5,TEMP,TEMPERATURE (OF WATER),DEG C,46.7,-90.03306
61769,CCGS LIMNOS,LAKE SUPERIOR,21,2013-05-18 01:32:00,100,0.0,0.0,,4.0,TEMP,TEMPERATURE (OF WATER),DEG C,46.7,-90.03167
275147,CCGS LIMNOS,LAKE SUPERIOR,35,2008-05-11 05:45:00,100,0.0,0.0,,2.4,TEMP,TEMPERATURE (OF WATER),DEG C,46.7,-90.03139
84163,CCGS LIMNOS,LAKE SUPERIOR,35,2019-09-12 00:00:00,100,0.0,,,7.25,TEMP,TEMPERATURE (OF WATER),DEG C,46.70056,-90.03278
179624,CCGS LIMNOS,LAKE SUPERIOR,50,2008-09-24 20:02:00,100,0.0,0.0,,16.7,TEMP,TEMPERATURE (OF WATER),DEG C,46.71306,-85.81722
30475,CCGS LIMNOS,LAKE SUPERIOR,4,2013-05-15 12:10:00,100,0.0,0.0,,3.5,TEMP,TEMPERATURE (OF WATER),DEG C,46.71306,-85.81694
127321,CCGS LIMNOS,LAKE SUPERIOR,42,2019-09-14 00:00:00,100,0.0,,,10.0,TEMP,TEMPERATURE (OF WATER),DEG C,46.71333,-85.81806
50011,CCGS LIMNOS,LAKE SUPERIOR,42,2011-05-21 20:40:00,100,0.0,0.0,,4.4,TEMP,TEMPERATURE (OF WATER),DEG C,46.71361,-85.81917
240548,CCGS LIMNOS,LAKE SUPERIOR,5,2016-05-26 15:40:00,100,0.0,,,8.0,TEMP,TEMPERATURE (OF WATER),DEG C,46.71361,-85.81806
141637,CCGS LIMNOS,LAKE SUPERIOR,6,2016-08-04 16:42:00,100,0.0,,,21.0,TEMP,TEMPERATURE (OF WATER),DEG C,46.71361,-85.81778
201971,CCGS LIMNOS,LAKE SUPERIOR,50,2008-05-13 11:56:00,100,0.0,0.0,,3.5,TEMP,TEMPERATURE (OF WATER),DEG C,46.71389,-85.81861
273692,CCGS LIMNOS,LAKE SUPERIOR,46,2003-05-22 18:46:00,100,0.0,,,7.8,TEMP,TEMPERATURE (OF WATER),DEG C,46.71417,-85.81806
151835,CCGS LIMNOS,LAKE SUPERIOR,1,2005-08-07 12:37:00,100,0.0,0.0,,19.5,TEMP,TEMPERATURE (OF WATER),DEG C,46.715,-84.78667
201134,CCGS LIMNOS,LAKE SUPERIOR,51,2008-09-25 00:55:00,100,0.0,0.0,,16.0,TEMP,TEMPERATURE (OF WATER),DEG C,46.72583,-84.79
43151,CCGS LIMNOS,LAKE SUPERIOR,2,2008-09-17 01:23:00,100,0.0,0.0,,17.0,TEMP,TEMPERATURE (OF WATER),DEG C,46.72667,-84.78778
81778,CCGS LIMNOS,LAKE SUPERIOR,2,2016-05-25 21:04:00,100,0.0,,,4.0,TEMP,TEMPERATURE (OF WATER),DEG C,46.73222,-84.79306
293785,CCGS LIMNOS,LAKE SUPERIOR,2,2016-08-04 02:24:00,100,0.0,,,21.5,TEMP,TEMPERATURE (OF WATER),DEG C,46.73306,-84.79278
253975,CCGS LIMNOS,LAKE SUPERIOR,3,2019-09-05 00:00:00,100,0.0,,,18.0,TEMP,TEMPERATURE (OF WATER),DEG C,46.73306,-84.78917
44117,CCGS LIMNOS,LAKE SUPERIOR,2,2003-05-16 16:25:00,100,0.0,,,2.6,TEMP,TEMPERATURE (OF WATER),DEG C,46.73333,-84.79306
90884,CCGS LIMNOS,LAKE SUPERIOR,2,2013-05-15 04:35:00,100,0.0,0.0,,2.0,TEMP,TEMPERATURE (OF WATER),DEG C,46.73361,-84.79333
300407,CCGS LIMNOS,LAKE SUPERIOR,39,2019-05-27 00:00:00,100,0.0,,,2.5,TEMP,TEMPERATURE (OF WATER),DEG C,46.73417,-84.78861
100007,CCGS LIMNOS,LAKE SUPERIOR,2,2008-05-07 01:48:00,100,0.0,0.0,,1.8,TEMP,TEMPERATURE (OF WATER),DEG C,46.73583,-84.79528
123672,CCGS LIMNOS,LAKE SUPERIOR,23,2005-08-15 14:13:00,100,0.0,0.0,,20.5,TEMP,TEMPERATURE (OF WATER),DEG C,46.74667,-90.69972
322477,CCGS LIMNOS,LAKE SUPERIOR,33,2008-05-11 01:32:00,100,0.0,0.0,,3.8,TEMP,TEMPERATURE (OF WATER),DEG C,46.74694,-90.70306
63860,CCGS LIMNOS,LAKE SUPERIOR,27,2003-05-20 01:55:00,100,0.0,,,2.9,TEMP,TEMPERATURE (OF WATER),DEG C,46.7475,-90.70333
135621,CCGS LIMNOS,LAKE SUPERIOR,27,2005-06-05 08:16:00,100,0.0,0.0,,11.3,TEMP,TEMPERATURE (OF WATER),DEG C,46.74806,-90.70472
111660,CCGS LIMNOS,LAKE SUPERIOR,26,2011-05-18 17:05:00,100,0.0,0.0,,6.2,TEMP,TEMPERATURE (OF WATER),DEG C,46.74806,-90.70389
245096,CCGS LIMNOS,LAKE SUPERIOR,33,2019-09-12 00:00:00,100,0.0,,,14.5,TEMP,TEMPERATURE (OF WATER),DEG C,46.74806,-90.70389
34616,CCGS LIMNOS,LAKE SUPERIOR,32,2016-08-08 06:39:00,100,0.0,,,21.0,TEMP,TEMPERATURE (OF WATER),DEG C,46.74833,-90.70333
174124,CCGS LIMNOS,LAKE SUPERIOR,23,2013-05-18 05:48:00,100,0.0,0.0,,4.6,TEMP,TEMPERATURE (OF WATER),DEG C,46.74833,-90.70306
5317,CCGS LIMNOS,LAKE SUPERIOR,20,2001-05-13 16:11:00,100,0.0,,,7.6,TEMP,TEMPERATURE (OF WATER),DEG C,46.74833,-90.70278
79278,CCGS LIMNOS,LAKE SUPERIOR,23,2001-08-21 11:11:00,100,0.0,,,19.9,TEMP,TEMPERATURE (OF WATER),DEG C,46.74861,-90.70333
329862,CCGS LIMNOS,LAKE SUPERIOR,7,2005-10-01 08:17:00,100,0.0,0.0,,12.6,TEMP,TEMPERATURE (OF WATER),DEG C,46.74861,-90.70306
242410,CCGS LIMNOS,LAKE SUPERIOR,14,2011-07-30 15:58:00,100,0.0,0.0,,20.5,TEMP,TEMPERATURE (OF WATER),DEG C,46.74861,-90.70278
101081,CCGS LIMNOS,LAKE SUPERIOR,31,2008-09-22 02:16:00,100,0.0,0.0,,15.4,TEMP,TEMPERATURE (OF WATER),DEG C,46.74889,-90.70389
306526,CCGS LIMNOS,LAKE SUPERIOR,24,2011-05-17 18:50:00,100,0.0,0.0,,4.0,TEMP,TEMPERATURE (OF WATER),DEG C,46.74972,-91.6825
228017,CCGS LIMNOS,LAKE SUPERIOR,31,2019-09-11 00:00:00,100,0.0,,,7.0,TEMP,TEMPERATURE (OF WATER),DEG C,46.74972,-91.67528
136979,CCGS LIMNOS,LAKE SUPERIOR,16,2011-07-31 03:27:00,100,0.0,0.0,,19.5,TEMP,TEMPERATURE (OF WATER),DEG C,46.75,-91.6825
146904,CCGS LIMNOS,LAKE SUPERIOR,27,2013-05-18 16:40:00,100,0.0,0.0,,3.6,TEMP,TEMPERATURE (OF WATER),DEG C,46.75,-91.67528
288301,CCGS LIMNOS,LAKE SUPERIOR,30,2008-05-10 17:02:00,100,0.0,0.0,,6.5,TEMP,TEMPERATURE (OF WATER),DEG C,46.75,-91.675
191261,CCGS LIMNOS,LAKE SUPERIOR,29,2008-09-21 18:17:00,100,0.0,0.0,,7.5,TEMP,TEMPERATURE (OF WATER),DEG C,46.75,-91.67417
292069,CCGS LIMNOS,LAKE SUPERIOR,35,2016-08-08 17:11:00,100,0.0,,,22.0,TEMP,TEMPERATURE (OF WATER),DEG C,46.75,-91.67417
234179,CCGS LIMNOS,LAKE SUPERIOR,23,2011-05-17 06:27:00,100,0.0,0.0,,5.0,TEMP,TEMPERATURE (OF WATER),DEG C,46.77222,-92.04417
115657,CCGS LIMNOS,LAKE SUPERIOR,19,2011-07-31 08:29:00,100,0.0,0.0,,17.8,TEMP,TEMPERATURE (OF WATER),DEG C,46.77639,-92.05083
251131,CCGS LIMNOS,LAKE SUPERIOR,10,2005-10-01 23:01:00,100,0.0,0.0,,14.6,TEMP,TEMPERATURE (OF WATER),DEG C,46.77944,-92.05333
145489,CCGS LIMNOS,LAKE SUPERIOR,28,2013-05-18 19:42:00,100,0.0,0.0,,3.5,TEMP,TEMPERATURE (OF WATER),DEG C,46.78139,-92.05389
262149,CCGS LIMNOS,LAKE SUPERIOR,29,2019-09-11 00:00:00,100,0.0,,,10.0,TEMP,TEMPERATURE (OF WATER),DEG C,46.78139,-92.05361
9436,CCGS LIMNOS,LAKE SUPERIOR,28,2008-05-10 14:22:00,100,0.0,0.0,,4.0,TEMP,TEMPERATURE (OF WATER),DEG C,46.78167,-92.05444
296798,CCGS LIMNOS,LAKE SUPERIOR,28,2005-06-05 17:53:00,100,0.0,0.0,,10.5,TEMP,TEMPERATURE (OF WATER),DEG C,46.78167,-92.05444
15104,CCGS LIMNOS,LAKE SUPERIOR,21,2001-08-21 02:40:00,100,0.0,,,19.6,TEMP,TEMPERATURE (OF WATER),DEG C,46.78167,-92.05417
199403,CCGS LIMNOS,LAKE SUPERIOR,19,2001-05-13 08:07:00,100,0.0,,,7.9,TEMP,TEMPERATURE (OF WATER),DEG C,46.78167,-92.05361
21484,CCGS LIMNOS,LAKE SUPERIOR,27,2008-09-21 15:40:00,100,0.0,0.0,,12.4,TEMP,TEMPERATURE (OF WATER),DEG C,46.78194,-92.05361
164113,CCGS LIMNOS,LAKE SUPERIOR,36,2016-08-08 19:20:00,100,0.0,,,21.5,TEMP,TEMPERATURE (OF WATER),DEG C,46.78194,-92.05361
287993,CCGS LIMNOS,LAKE SUPERIOR,25,2003-05-19 17:46:00,100,0.0,,,5.1,TEMP,TEMPERATURE (OF WATER),DEG C,46.78194,-92.05306
139,CCGS LIMNOS,LAKE SUPERIOR,5,2016-08-04 13:53:00,100,0.0,,,21.0,TEMP,TEMPERATURE (OF WATER),DEG C,46.81056,-85.43167
317466,CCGS LIMNOS,LAKE SUPERIOR,29,2005-06-05 20:53:00,100,0.0,0.0,,6.2,TEMP,TEMPERATURE (OF WATER),DEG C,46.81556,-91.885
249982,CCGS LIMNOS,LAKE SUPERIOR,29,2013-05-18 21:01:00,100,0.0,0.0,,3.0,TEMP,TEMPERATURE (OF WATER),DEG C,46.81583,-91.88528
3369,CCGS LIMNOS,LAKE SUPERIOR,29,2008-05-10 15:51:00,100,0.0,0.0,,2.0,TEMP,TEMPERATURE (OF WATER),DEG C,46.81611,-91.88556
38979,CCGS LIMNOS,LAKE SUPERIOR,30,2019-09-11 00:00:00,100,0.0,,,9.75,TEMP,TEMPERATURE (OF WATER),DEG C,46.81611,-91.88528
132263,CCGS LIMNOS,LAKE SUPERIOR,37,2016-08-08 21:31:00,100,0.0,,,21.5,TEMP,TEMPERATURE (OF WATER),DEG C,46.81611,-91.885
315965,CCGS LIMNOS,LAKE SUPERIOR,28,2008-09-21 16:47:00,100,0.0,0.0,,13.0,TEMP,TEMPERATURE (OF WATER),DEG C,46.81639,-91.88556
4856,CCGS LIMNOS,LAKE SUPERIOR,22,2011-05-17 04:43:00,100,0.0,0.0,,2.9,TEMP,TEMPERATURE (OF WATER),DEG C,46.81667,-91.885
212361,CCGS LIMNOS,LAKE SUPERIOR,21,2005-08-14 22:12:00,100,0.0,0.0,,18.0,TEMP,TEMPERATURE (OF WATER),DEG C,46.81667,-91.88444
220247,CCGS LIMNOS,LAKE SUPERIOR,78,2016-08-16 11:37:00,100,0.0,,,21.0,TEMP,TEMPERATURE (OF WATER),DEG C,46.81667,-87.00028
278453,CCGS LIMNOS,LAKE SUPERIOR,18,2011-07-31 06:59:00,100,0.0,0.0,,17.5,TEMP,TEMPERATURE (OF WATER),DEG C,46.81694,-91.88444
18483,CCGS LIMNOS,LAKE SUPERIOR,22,2001-08-21 03:55:00,100,0.0,,,19.700001,TEMP,TEMPERATURE (OF WATER),DEG C,46.81806,-91.88444
135945,CCGS LIMNOS,LAKE SUPERIOR,9,2005-10-01 21:29:00,100,0.0,0.0,,14.9,TEMP,TEMPERATURE (OF WATER),DEG C,46.81806,-91.88444
210446,CCGS LIMNOS,LAKE SUPERIOR,38,2019-05-27 00:00:00,100,0.0,,,2.5,TEMP,TEMPERATURE (OF WATER),DEG C,46.825,-84.76667
193016,CCGS LIMNOS,LAKE SUPERIOR,24,2005-08-15 16:56:00,100,0.0,0.0,,19.4,TEMP,TEMPERATURE (OF WATER),DEG C,46.84139,-90.18444
133793,CCGS LIMNOS,LAKE SUPERIOR,27,2011-05-18 20:10:00,100,0.0,0.0,,2.7,TEMP,TEMPERATURE (OF WATER),DEG C,46.84444,-90.18944
102770,CCGS LIMNOS,LAKE SUPERIOR,34,2019-09-12 00:00:00,100,0.0,,,14.5,TEMP,TEMPERATURE (OF WATER),DEG C,46.84472,-90.18972
12738,CCGS LIMNOS,LAKE SUPERIOR,26,2005-06-04 23:54:00,100,0.0,0.0,,3.3,TEMP,TEMPERATURE (OF WATER),DEG C,46.84472,-90.18944
266189,CCGS LIMNOS,LAKE SUPERIOR,31,2016-08-08 03:36:00,100,0.0,,,20.5,TEMP,TEMPERATURE (OF WATER),DEG C,46.84472,-90.18889
253665,CCGS LIMNOS,LAKE SUPERIOR,22,2013-05-18 03:05:00,100,0.0,0.0,,2.0,TEMP,TEMPERATURE (OF WATER),DEG C,46.84472,-90.18806
49696,CCGS LIMNOS,LAKE SUPERIOR,32,2008-09-22 05:04:00,100,0.0,0.0,,15.5,TEMP,TEMPERATURE (OF WATER),DEG C,46.845,-90.18861
152807,CCGS LIMNOS,LAKE SUPERIOR,13,2011-07-30 12:51:00,100,0.0,0.0,,16.5,TEMP,TEMPERATURE (OF WATER),DEG C,46.845,-90.18833
292685,CCGS LIMNOS,LAKE SUPERIOR,34,2008-05-11 04:24:00,100,0.0,0.0,,2.0,TEMP,TEMPERATURE (OF WATER),DEG C,46.84528,-90.18917
110406,CCGS LIMNOS,LAKE SUPERIOR,5,2005-09-30 12:10:00,100,0.0,0.0,,12.7,TEMP,TEMPERATURE (OF WATER),DEG C,46.84556,-90.18583
218888,CCGS LIMNOS,LAKE SUPERIOR,28,2003-05-20 16:51:00,100,0.0,,,2.6,TEMP,TEMPERATURE (OF WATER),DEG C,46.84694,-90.18944
249942,CCGS LIMNOS,LAKE SUPERIOR,26,2005-08-16 23:11:00,100,0.0,0.0,,18.5,TEMP,TEMPERATURE (OF WATER),DEG C,46.85306,-86.56528
131984,CCGS LIMNOS,LAKE SUPERIOR,6,2005-05-28 03:50:00,100,0.0,0.0,,2.9,TEMP,TEMPERATURE (OF WATER),DEG C,46.85417,-86.56778
107126,CCGS LIMNOS,LAKE SUPERIOR,40,2011-05-21 13:44:00,100,0.0,0.0,,2.7,TEMP,TEMPERATURE (OF WATER),DEG C,46.85667,-86.58361
77524,CCGS LIMNOS,LAKE SUPERIOR,42,2003-05-22 09:53:00,100,0.0,,,2.3,TEMP,TEMPERATURE (OF WATER),DEG C,46.85667,-86.56778
153270,CCGS LIMNOS,LAKE SUPERIOR,15,2005-10-03 14:56:00,100,0.0,0.0,,15.5,TEMP,TEMPERATURE (OF WATER),DEG C,46.85917,-86.56611
179694,CCGS LIMNOS,LAKE SUPERIOR,29,2016-08-07 23:09:00,100,0.0,,,22.0,TEMP,TEMPERATURE (OF WATER),DEG C,46.87333,-89.77222
235596,CCGS LIMNOS,LAKE SUPERIOR,37,2019-05-27 00:00:00,100,0.0,,,2.5,TEMP,TEMPERATURE (OF WATER),DEG C,46.89361,-84.66806
60440,CCGS LIMNOS,LAKE SUPERIOR,7,2016-08-04 19:00:00,100,0.0,,,21.0,TEMP,TEMPERATURE (OF WATER),DEG C,46.905,-86.08194
118120,CCGS LIMNOS,LAKE SUPERIOR,30,2013-05-18 22:20:00,100,0.0,0.0,,1.5,TEMP,TEMPERATURE (OF WATER),DEG C,46.90583,-91.82056
80129,CCGS LIMNOS,LAKE SUPERIOR,38,2016-08-11 14:03:00,100,0.0,,,19.5,TEMP,TEMPERATURE (OF WATER),DEG C,46.90611,-91.82111
223663,CCGS LIMNOS,LAKE SUPERIOR,28,2019-09-11 00:00:00,100,0.0,,,9.0,TEMP,TEMPERATURE (OF WATER),DEG C,46.90639,-91.82
163030,CCGS LIMNOS,LAKE SUPERIOR,21,2011-05-17 03:26:00,100,0.0,0.0,,2.1,TEMP,TEMPERATURE (OF WATER),DEG C,46.90667,-91.82028
176186,CCGS LIMNOS,LAKE SUPERIOR,27,2008-05-10 12:50:00,100,0.0,0.0,,1.5,TEMP,TEMPERATURE (OF WATER),DEG C,46.90667,-91.82028
160843,CCGS LIMNOS,LAKE SUPERIOR,17,2011-07-31 05:31:00,100,0.0,0.0,,18.1,TEMP,TEMPERATURE (OF WATER),DEG C,46.90667,-91.81972
51075,CCGS LIMNOS,LAKE SUPERIOR,26,2008-09-21 13:54:00,100,0.0,0.0,,12.0,TEMP,TEMPERATURE (OF WATER),DEG C,46.90722,-91.82111
161051,CCGS LIMNOS,LAKE SUPERIOR,34,2001-08-23 02:42:00,100,0.0,,,19.6,TEMP,TEMPERATURE (OF WATER),DEG C,46.9075,-86.59722
49504,CCGS LIMNOS,LAKE SUPERIOR,31,2001-05-15 07:35:00,100,0.0,,,2.7,TEMP,TEMPERATURE (OF WATER),DEG C,46.90833,-86.59694
34292,CCGS LIMNOS,LAKE SUPERIOR,79,2016-08-16 13:21:00,100,0.0,,,20.5,TEMP,TEMPERATURE (OF WATER),DEG C,46.91111,-86.86667
137726,CCGS LIMNOS,LAKE SUPERIOR,46,2008-09-24 04:29:00,100,0.0,0.0,,14.5,TEMP,TEMPERATURE (OF WATER),DEG C,46.92722,-87.30306
186895,CCGS LIMNOS,LAKE SUPERIOR,32,2001-08-22 18:16:00,100,0.0,,,20.4,TEMP,TEMPERATURE (OF WATER),DEG C,46.93278,-87.305
6341,CCGS LIMNOS,LAKE SUPERIOR,8,2013-05-16 04:58:00,100,0.0,0.0,,2.5,TEMP,TEMPERATURE (OF WATER),DEG C,46.93278,-87.30389
136145,CCGS LIMNOS,LAKE SUPERIOR,10,2016-08-05 09:02:00,100,0.0,,,21.0,TEMP,TEMPERATURE (OF WATER),DEG C,46.93278,-87.30222
286846,CCGS LIMNOS,LAKE SUPERIOR,39,2003-05-22 00:43:00,100,0.0,,,2.4,TEMP,TEMPERATURE (OF WATER),DEG C,46.93306,-87.30583
168150,CCGS LIMNOS,LAKE SUPERIOR,35,2011-05-20 22:21:00,100,0.0,0.0,,2.6,TEMP,TEMPERATURE (OF WATER),DEG C,46.93306,-87.305
175949,CCGS LIMNOS,LAKE SUPERIOR,46,2008-05-12 20:16:00,100,0.0,0.0,,2.0,TEMP,TEMPERATURE (OF WATER),DEG C,46.93333,-87.30528
7480,CCGS LIMNOS,LAKE SUPERIOR,39,2019-09-13 00:00:00,100,0.0,,,14.0,TEMP,TEMPERATURE (OF WATER),DEG C,46.93333,-87.30472
31534,CCGS LIMNOS,LAKE SUPERIOR,9,2016-05-27 07:00:00,100,0.0,,,3.5,TEMP,TEMPERATURE (OF WATER),DEG C,46.93333,-87.30472
307144,CCGS LIMNOS,LAKE SUPERIOR,29,2001-05-15 00:15:00,100,0.0,,,2.1,TEMP,TEMPERATURE (OF WATER),DEG C,46.93389,-87.30583
224966,CCGS LIMNOS,LAKE SUPERIOR,32,2019-09-11 00:00:00,100,0.0,,,9.5,TEMP,TEMPERATURE (OF WATER),DEG C,46.93778,-91.44917
228847,CCGS LIMNOS,LAKE SUPERIOR,39,2016-08-11 17:04:00,100,0.0,,,18.5,TEMP,TEMPERATURE (OF WATER),DEG C,46.93778,-91.44889
297219,CCGS LIMNOS,LAKE SUPERIOR,31,2008-05-10 19:19:00,100,0.0,0.0,,1.7,TEMP,TEMPERATURE (OF WATER),DEG C,46.93806,-91.44861
128689,CCGS LIMNOS,LAKE SUPERIOR,30,2008-09-21 20:24:00,100,0.0,0.0,,12.5,TEMP,TEMPERATURE (OF WATER),DEG C,46.93833,-91.44889
263948,CCGS LIMNOS,LAKE SUPERIOR,26,2003-05-19 20:57:00,100,0.0,,,2.5,TEMP,TEMPERATURE (OF WATER),DEG C,46.93833,-91.44861
318593,CCGS LIMNOS,LAKE SUPERIOR,26,2013-05-18 14:42:00,100,0.0,0.0,,1.5,TEMP,TEMPERATURE (OF WATER),DEG C,46.93833,-91.44806
217457,CCGS LIMNOS,LAKE SUPERIOR,24,2016-05-29 16:47:00,100,0.0,,,3.5,TEMP,TEMPERATURE (OF WATER),DEG C,46.93833,-91.4475
270182,CCGS LIMNOS,LAKE SUPERIOR,43,2011-05-21 22:48:00,100,0.0,0.0,,2.4,TEMP,TEMPERATURE (OF WATER),DEG C,46.96778,-85.72833
196246,CCGS LIMNOS,LAKE SUPERIOR,37,2001-08-23 11:05:00,100,0.0,,,17.200001,TEMP,TEMPERATURE (OF WATER),DEG C,46.96806,-85.72861
230127,CCGS LIMNOS,LAKE SUPERIOR,45,2003-05-22 17:00:00,100,0.0,,,3.4,TEMP,TEMPERATURE (OF WATER),DEG C,46.96917,-85.72778
233678,CCGS LIMNOS,LAKE SUPERIOR,28,2001-05-14 19:59:00,100,0.0,,,3.1,TEMP,TEMPERATURE (OF WATER),DEG C,47.01556,-88.18333
165670,CCGS LIMNOS,LAKE SUPERIOR,8,2005-08-10 08:44:00,100,0.0,0.0,,18.4,TEMP,TEMPERATURE (OF WATER),DEG C,47.01611,-88.18333
103831,CCGS LIMNOS,LAKE SUPERIOR,38,2019-09-13 00:00:00,100,0.0,,,15.5,TEMP,TEMPERATURE (OF WATER),DEG C,47.01639,-88.18417
18632,CCGS LIMNOS,LAKE SUPERIOR,31,2001-08-22 13:50:00,100,0.0,,,19.0,TEMP,TEMPERATURE (OF WATER),DEG C,47.01639,-88.18278
294495,CCGS LIMNOS,LAKE SUPERIOR,12,2016-08-05 15:30:00,100,0.0,,,19.0,TEMP,TEMPERATURE (OF WATER),DEG C,47.01639,-88.18278
100572,CCGS LIMNOS,LAKE SUPERIOR,38,2003-05-21 20:21:00,100,0.0,,,2.3,TEMP,TEMPERATURE (OF WATER),DEG C,47.01667,-88.18333
184974,CCGS LIMNOS,LAKE SUPERIOR,8,2005-05-29 13:03:00,100,0.0,0.0,,4.4,TEMP,TEMPERATURE (OF WATER),DEG C,47.01667,-88.18333
246766,CCGS LIMNOS,LAKE SUPERIOR,9,2013-05-16 09:30:00,100,0.0,0.0,,2.0,TEMP,TEMPERATURE (OF WATER),DEG C,47.01667,-88.18333
269739,CCGS LIMNOS,LAKE SUPERIOR,45,2008-05-12 15:47:00,100,0.0,0.0,,1.5,TEMP,TEMPERATURE (OF WATER),DEG C,47.01667,-88.18306
45985,CCGS LIMNOS,LAKE SUPERIOR,10,2016-05-27 11:25:00,100,0.0,,,5.0,TEMP,TEMPERATURE (OF WATER),DEG C,47.01667,-88.1825
198688,CCGS LIMNOS,LAKE SUPERIOR,45,2008-09-23 23:47:00,100,0.0,0.0,,16.0,TEMP,TEMPERATURE (OF WATER),DEG C,47.01667,-88.18222
109754,CCGS LIMNOS,LAKE SUPERIOR,3,2005-09-29 21:16:00,100,0.0,0.0,,16.9,TEMP,TEMPERATURE (OF WATER),DEG C,47.01694,-88.18361
72801,CCGS LIMNOS,LAKE SUPERIOR,30,2011-05-19 17:52:00,100,0.0,0.0,,2.8,TEMP,TEMPERATURE (OF WATER),DEG C,47.01694,-88.18333
128835,CCGS LIMNOS,LAKE SUPERIOR,6,2011-07-28 12:58:00,100,0.0,0.0,,16.0,TEMP,TEMPERATURE (OF WATER),DEG C,47.01694,-88.18222
137928,CCGS LIMNOS,LAKE SUPERIOR,34,2016-08-08 13:11:00,100,0.0,,,21.5,TEMP,TEMPERATURE (OF WATER),DEG C,47.02167,-90.96139
7574,CCGS LIMNOS,LAKE SUPERIOR,11,2011-07-29 18:41:00,100,0.0,0.0,,18.0,TEMP,TEMPERATURE (OF WATER),DEG C,47.02583,-89.03778
196627,CCGS LIMNOS,LAKE SUPERIOR,37,2008-05-11 13:14:00,100,0.0,0.0,,3.5,TEMP,TEMPERATURE (OF WATER),DEG C,47.02611,-89.03944
271239,CCGS LIMNOS,LAKE SUPERIOR,18,2013-05-17 13:21:00,100,0.0,0.0,,4.5,TEMP,TEMPERATURE (OF WATER),DEG C,47.02639,-89.03889
331116,CCGS LIMNOS,LAKE SUPERIOR,36,2019-09-13 00:00:00,100,0.0,,,5.25,TEMP,TEMPERATURE (OF WATER),DEG C,47.02639,-89.03889
235021,CCGS LIMNOS,LAKE SUPERIOR,31,2005-06-07 01:46:00,100,0.0,0.0,,8.5,TEMP,TEMPERATURE (OF WATER),DEG C,47.02639,-89.03667
127586,CCGS LIMNOS,LAKE SUPERIOR,28,2011-05-19 01:56:00,100,0.0,0.0,,5.0,TEMP,TEMPERATURE (OF WATER),DEG C,47.02667,-89.03833
156089,CCGS LIMNOS,LAKE SUPERIOR,4,2005-09-30 05:39:00,100,0.0,0.0,,14.0,TEMP,TEMPERATURE (OF WATER),DEG C,47.02667,-89.03806
315785,CCGS LIMNOS,LAKE SUPERIOR,20,2016-05-28 19:37:00,100,0.0,,,9.5,TEMP,TEMPERATURE (OF WATER),DEG C,47.02667,-89.03806
103828,CCGS LIMNOS,LAKE SUPERIOR,27,2016-08-07 15:20:00,100,0.0,,,21.0,TEMP,TEMPERATURE (OF WATER),DEG C,47.02667,-89.03778
241834,CCGS LIMNOS,LAKE SUPERIOR,22,2001-05-14 03:08:00,100,0.0,,,4.3,TEMP,TEMPERATURE (OF WATER),DEG C,47.02694,-89.03889
320423,CCGS LIMNOS,LAKE SUPERIOR,30,2003-05-20 23:23:00,100,0.0,,,6.8,TEMP,TEMPERATURE (OF WATER),DEG C,47.02694,-89.03806
227192,CCGS LIMNOS,LAKE SUPERIOR,25,2001-08-21 20:40:00,100,0.0,,,20.799999,TEMP,TEMPERATURE (OF WATER),DEG C,47.02722,-89.03917
89104,CCGS LIMNOS,LAKE SUPERIOR,35,2008-09-22 14:10:00,100,0.0,0.0,,15.6,TEMP,TEMPERATURE (OF WATER),DEG C,47.02722,-89.03833
122844,CCGS LIMNOS,LAKE SUPERIOR,2,2001-08-18 02:10:00,100,0.0,,,16.700001,TEMP,TEMPERATURE (OF WATER),DEG C,47.03611,-85.10417
133867,CCGS LIMNOS,LAKE SUPERIOR,3,2016-08-04 05:53:00,100,0.0,,,20.3,TEMP,TEMPERATURE (OF WATER),DEG C,47.03611,-85.1025
23826,CCGS LIMNOS,LAKE SUPERIOR,2,2011-05-11 05:26:00,100,0.0,0.0,,3.8,TEMP,TEMPERATURE (OF WATER),DEG C,47.03639,-85.10333
34553,CCGS LIMNOS,LAKE SUPERIOR,3,2013-05-15 07:22:00,100,0.0,0.0,,2.0,TEMP,TEMPERATURE (OF WATER),DEG C,47.03667,-85.10639
124489,CCGS LIMNOS,LAKE SUPERIOR,4,2019-09-05 00:00:00,100,0.0,,,14.0,TEMP,TEMPERATURE (OF WATER),DEG C,47.03667,-85.10333
5596,CCGS LIMNOS,LAKE SUPERIOR,3,2008-05-07 04:28:00,100,0.0,0.0,,1.5,TEMP,TEMPERATURE (OF WATER),DEG C,47.03667,-85.10306
19753,CCGS LIMNOS,LAKE SUPERIOR,2,2011-07-27 07:05:00,100,0.0,0.0,,12.7,TEMP,TEMPERATURE (OF WATER),DEG C,47.03667,-85.10306
15845,CCGS LIMNOS,LAKE SUPERIOR,2,2001-05-10 13:23:00,100,0.0,,,2.06,TEMP,TEMPERATURE (OF WATER),DEG C,47.03667,-85.10278
216168,CCGS LIMNOS,LAKE SUPERIOR,3,2003-05-16 18:48:00,100,0.0,,,2.5,TEMP,TEMPERATURE (OF WATER),DEG C,47.03694,-85.10361
224230,CCGS LIMNOS,LAKE SUPERIOR,1,2019-05-22 00:00:00,100,0.0,,,2.0,TEMP,TEMPERATURE (OF WATER),DEG C,47.03694,-85.10361
60357,CCGS LIMNOS,LAKE SUPERIOR,3,2016-05-25 23:53:00,100,0.0,,,4.0,TEMP,TEMPERATURE (OF WATER),DEG C,47.03694,-85.10278
304850,CCGS LIMNOS,LAKE SUPERIOR,3,2008-09-17 05:10:00,100,0.0,0.0,,15.0,TEMP,TEMPERATURE (OF WATER),DEG C,47.03694,-85.09917
90547,CCGS LIMNOS,LAKE SUPERIOR,36,2019-05-27 00:00:00,100,0.0,,,3.5,TEMP,TEMPERATURE (OF WATER),DEG C,47.04389,-84.8125
78682,CCGS LIMNOS,LAKE SUPERIOR,49,2008-09-24 15:50:00,100,0.0,0.0,,13.5,TEMP,TEMPERATURE (OF WATER),DEG C,47.07528,-86.47361
82067,CCGS LIMNOS,LAKE SUPERIOR,6,2016-05-26 19:45:00,100,0.0,,,3.0,TEMP,TEMPERATURE (OF WATER),DEG C,47.07944,-86.47639
175745,CCGS LIMNOS,LAKE SUPERIOR,5,2013-05-15 16:59:00,100,0.0,0.0,,2.5,TEMP,TEMPERATURE (OF WATER),DEG C,47.07972,-86.47806
112032,CCGS LIMNOS,LAKE SUPERIOR,43,2003-05-22 11:26:00,100,0.0,,,2.2,TEMP,TEMPERATURE (OF WATER),DEG C,47.07972,-86.47778
247711,CCGS LIMNOS,LAKE SUPERIOR,80,2016-08-16 16:07:00,100,0.0,,,20.5,TEMP,TEMPERATURE (OF WATER),DEG C,47.08,-86.47833
49703,CCGS LIMNOS,LAKE SUPERIOR,49,2008-05-13 07:35:00,100,0.0,0.0,,1.5,TEMP,TEMPERATURE (OF WATER),DEG C,47.08,-86.47806
241564,CCGS LIMNOS,LAKE SUPERIOR,35,2001-08-23 05:04:00,100,0.0,,,18.1,TEMP,TEMPERATURE (OF WATER),DEG C,47.08,-86.47778
168123,CCGS LIMNOS,LAKE SUPERIOR,32,2001-05-15 09:38:00,100,0.0,,,2.5,TEMP,TEMPERATURE (OF WATER),DEG C,47.08028,-86.47889
323359,CCGS LIMNOS,LAKE SUPERIOR,39,2011-05-21 10:55:00,100,0.0,0.0,,3.0,TEMP,TEMPERATURE (OF WATER),DEG C,47.08056,-86.47806
215893,CCGS LIMNOS,LAKE SUPERIOR,4,2011-07-27 22:37:00,100,0.0,0.0,,9.0,TEMP,TEMPERATURE (OF WATER),DEG C,47.08306,-86.48028
268272,CCGS LIMNOS,LAKE SUPERIOR,11,2016-08-05 12:01:00,100,0.0,,,20.5,TEMP,TEMPERATURE (OF WATER),DEG C,47.08472,-87.66611
197010,CCGS LIMNOS,LAKE SUPERIOR,24,2013-05-18 09:02:00,100,0.0,0.0,,2.5,TEMP,TEMPERATURE (OF WATER),DEG C,47.09972,-90.46278
234561,CCGS LIMNOS,LAKE SUPERIOR,33,2016-08-08 10:11:00,100,0.0,,,20.5,TEMP,TEMPERATURE (OF WATER),DEG C,47.09972,-90.46278
241913,CCGS LIMNOS,LAKE SUPERIOR,22,2016-05-29 10:45:00,100,0.0,,,5.5,TEMP,TEMPERATURE (OF WATER),DEG C,47.09972,-90.4625
23286,CCGS LIMNOS,LAKE SUPERIOR,25,2008-05-10 04:05:00,100,0.0,0.0,,2.7,TEMP,TEMPERATURE (OF WATER),DEG C,47.1,-90.4625
207955,CCGS LIMNOS,LAKE SUPERIOR,23,2008-09-21 03:29:00,100,0.0,0.0,,14.4,TEMP,TEMPERATURE (OF WATER),DEG C,47.1,-90.4625
43866,CCGS LIMNOS,LAKE SUPERIOR,30,2005-06-06 01:51:00,100,0.0,0.0,,2.6,TEMP,TEMPERATURE (OF WATER),DEG C,47.13083,-91.11111
254586,CCGS LIMNOS,LAKE SUPERIOR,8,2005-10-01 13:45:00,100,0.0,0.0,,12.1,TEMP,TEMPERATURE (OF WATER),DEG C,47.13111,-91.11167
70446,CCGS LIMNOS,LAKE SUPERIOR,25,2008-09-21 10:01:00,100,0.0,0.0,,12.5,TEMP,TEMPERATURE (OF WATER),DEG C,47.13111,-91.11111
11284,CCGS LIMNOS,LAKE SUPERIOR,25,2011-05-17 23:10:00,100,0.0,0.0,,2.4,TEMP,TEMPERATURE (OF WATER),DEG C,47.13139,-91.11222
315561,CCGS LIMNOS,LAKE SUPERIOR,32,2008-05-10 21:33:00,100,0.0,0.0,,2.0,TEMP,TEMPERATURE (OF WATER),DEG C,47.13139,-91.11194
24028,CCGS LIMNOS,LAKE SUPERIOR,25,2013-05-18 12:18:00,100,0.0,0.0,,1.5,TEMP,TEMPERATURE (OF WATER),DEG C,47.13139,-91.11167
285338,CCGS LIMNOS,LAKE SUPERIOR,23,2016-05-29 14:22:00,100,0.0,,,3.2,TEMP,TEMPERATURE (OF WATER),DEG C,47.13139,-91.11139
234553,CCGS LIMNOS,LAKE SUPERIOR,20,2001-08-20 22:04:00,100,0.0,,,19.200001,TEMP,TEMPERATURE (OF WATER),DEG C,47.13167,-91.11278
290520,CCGS LIMNOS,LAKE SUPERIOR,40,2016-08-11 20:23:00,100,0.0,,,19.0,TEMP,TEMPERATURE (OF WATER),DEG C,47.13167,-91.11278
94142,CCGS LIMNOS,LAKE SUPERIOR,24,2003-05-19 13:28:00,100,0.0,,,2.4,TEMP,TEMPERATURE (OF WATER),DEG C,47.13167,-91.11194
258780,CCGS LIMNOS,LAKE SUPERIOR,15,2011-07-30 21:24:00,100,0.0,0.0,,17.6,TEMP,TEMPERATURE (OF WATER),DEG C,47.13167,-91.11167
40992,CCGS LIMNOS,LAKE SUPERIOR,22,2005-08-15 02:59:00,100,0.0,0.0,,14.5,TEMP,TEMPERATURE (OF WATER),DEG C,47.13528,-91.10639
197365,CCGS LIMNOS,LAKE SUPERIOR,33,2011-05-20 13:42:00,100,0.0,0.0,,2.6,TEMP,TEMPERATURE (OF WATER),DEG C,47.15889,-87.28194
22979,CCGS LIMNOS,LAKE SUPERIOR,30,2001-08-22 09:38:00,100,0.0,,,19.200001,TEMP,TEMPERATURE (OF WATER),DEG C,47.15889,-87.28167
323715,CCGS LIMNOS,LAKE SUPERIOR,37,2003-05-21 16:20:00,100,0.0,,,2.8,TEMP,TEMPERATURE (OF WATER),DEG C,47.15917,-87.28139
169427,CCGS LIMNOS,LAKE SUPERIOR,7,2011-07-28 18:40:00,100,0.0,0.0,,14.0,TEMP,TEMPERATURE (OF WATER),DEG C,47.15972,-87.28111
135425,CCGS LIMNOS,LAKE SUPERIOR,27,2001-05-14 15:50:00,100,0.0,,,2.4,TEMP,TEMPERATURE (OF WATER),DEG C,47.16,-87.28194
55863,CCGS LIMNOS,LAKE SUPERIOR,36,2011-05-21 01:05:00,100,0.0,0.0,,2.5,TEMP,TEMPERATURE (OF WATER),DEG C,47.16639,-87.64278
319372,CCGS LIMNOS,LAKE SUPERIOR,81,2016-08-16 18:16:00,100,0.0,,,20.9,TEMP,TEMPERATURE (OF WATER),DEG C,47.18167,-86.21889
148501,CCGS LIMNOS,LAKE SUPERIOR,20,2005-08-14 17:05:00,100,0.0,0.0,,10.4,TEMP,TEMPERATURE (OF WATER),DEG C,47.18278,-91.22944
145729,CCGS LIMNOS,LAKE SUPERIOR,77,2016-08-16 08:36:00,100,0.0,,,20.0,TEMP,TEMPERATURE (OF WATER),DEG C,47.18306,-86.99917
271836,CCGS LIMNOS,LAKE SUPERIOR,21,2016-05-28 23:04:00,100,0.0,,,3.0,TEMP,TEMPERATURE (OF WATER),DEG C,47.20556,-89.66583
141588,CCGS LIMNOS,LAKE SUPERIOR,34,2008-09-22 10:35:00,100,0.0,0.0,,14.3,TEMP,TEMPERATURE (OF WATER),DEG C,47.20611,-89.66556
198630,CCGS LIMNOS,LAKE SUPERIOR,25,2005-06-04 18:52:00,100,0.0,0.0,,3.0,TEMP,TEMPERATURE (OF WATER),DEG C,47.20639,-89.66639
238599,CCGS LIMNOS,LAKE SUPERIOR,12,2011-07-30 01:47:00,100,0.0,0.0,,14.1,TEMP,TEMPERATURE (OF WATER),DEG C,47.20667,-89.66778
137121,CCGS LIMNOS,LAKE SUPERIOR,21,2001-05-13 23:10:00,100,0.0,,,2.6,TEMP,TEMPERATURE (OF WATER),DEG C,47.20667,-89.6675
85878,CCGS LIMNOS,LAKE SUPERIOR,36,2008-05-11 09:30:00,100,0.0,0.0,,1.5,TEMP,TEMPERATURE (OF WATER),DEG C,47.20667,-89.66667
82746,CCGS LIMNOS,LAKE SUPERIOR,19,2013-05-17 16:48:00,100,0.0,0.0,,2.5,TEMP,TEMPERATURE (OF WATER),DEG C,47.20667,-89.66639
222592,CCGS LIMNOS,LAKE SUPERIOR,17,2011-05-16 03:14:00,100,0.0,0.0,,2.1,TEMP,TEMPERATURE (OF WATER),DEG C,47.20694,-89.66667
310420,CCGS LIMNOS,LAKE SUPERIOR,28,2016-08-07 18:59:00,100,0.0,,,19.0,TEMP,TEMPERATURE (OF WATER),DEG C,47.20694,-89.66611
283,CCGS LIMNOS,LAKE SUPERIOR,24,2001-08-21 16:49:00,100,0.0,,,18.6,TEMP,TEMPERATURE (OF WATER),DEG C,47.2075,-89.6675
199957,CCGS LIMNOS,LAKE SUPERIOR,26,2005-10-11 00:23:00,100,0.0,0.0,,11.2,TEMP,TEMPERATURE (OF WATER),DEG C,47.2075,-85.62972
95584,CCGS LIMNOS,LAKE SUPERIOR,29,2003-05-20 20:26:00,100,0.0,,,2.5,TEMP,TEMPERATURE (OF WATER),DEG C,47.20778,-89.66806
232075,CCGS LIMNOS,LAKE SUPERIOR,2,2005-05-24 11:47:00,100,0.0,0.0,,2.5,TEMP,TEMPERATURE (OF WATER),DEG C,47.20861,-85.62639
278713,CCGS LIMNOS,LAKE SUPERIOR,3,2011-07-27 10:45:00,100,0.0,0.0,,12.0,TEMP,TEMPERATURE (OF WATER),DEG C,47.21222,-85.63139
187528,CCGS LIMNOS,LAKE SUPERIOR,5,2019-09-06 00:00:00,100,0.0,,,13.0,TEMP,TEMPERATURE (OF WATER),DEG C,47.21278,-85.63278
306359,CCGS LIMNOS,LAKE SUPERIOR,3,2001-08-18 05:02:00,100,0.0,,,16.6,TEMP,TEMPERATURE (OF WATER),DEG C,47.21306,-85.63389
299504,CCGS LIMNOS,LAKE SUPERIOR,4,2008-05-07 07:23:00,100,0.0,0.0,,1.3,TEMP,TEMPERATURE (OF WATER),DEG C,47.21306,-85.63361
198344,CCGS LIMNOS,LAKE SUPERIOR,4,2016-05-26 02:52:00,100,0.0,,,3.5,TEMP,TEMPERATURE (OF WATER),DEG C,47.21306,-85.63333
17542,CCGS LIMNOS,LAKE SUPERIOR,4,2003-05-16 21:50:00,100,0.0,,,2.2,TEMP,TEMPERATURE (OF WATER),DEG C,47.21333,-85.63389
185234,CCGS LIMNOS,LAKE SUPERIOR,2,2019-05-22 00:00:00,100,0.0,,,1.5,TEMP,TEMPERATURE (OF WATER),DEG C,47.21333,-85.63333
168462,CCGS LIMNOS,LAKE SUPERIOR,2,2005-08-07 20:11:00,100,0.0,0.0,,15.5,TEMP,TEMPERATURE (OF WATER),DEG C,47.21361,-85.63333
287650,CCGS LIMNOS,LAKE SUPERIOR,3,2011-05-11 08:27:00,100,0.0,0.0,,3.7,TEMP,TEMPERATURE (OF WATER),DEG C,47.21361,-85.63222
110209,CCGS LIMNOS,LAKE SUPERIOR,4,2016-08-04 09:36:00,100,0.0,,,24.0,TEMP,TEMPERATURE (OF WATER),DEG C,47.21389,-85.63278
121304,CCGS LIMNOS,LAKE SUPERIOR,34,2001-05-15 15:17:00,100,0.0,,,2.5,TEMP,TEMPERATURE (OF WATER),DEG C,47.21417,-85.63528
186362,CCGS LIMNOS,LAKE SUPERIOR,4,2008-09-17 08:22:00,100,0.0,0.0,,12.2,TEMP,TEMPERATURE (OF WATER),DEG C,47.215,-85.63333
327400,CCGS LIMNOS,LAKE SUPERIOR,44,2011-05-22 00:44:00,100,0.0,0.0,,2.5,TEMP,TEMPERATURE (OF WATER),DEG C,47.21583,-85.63778
250925,CCGS LIMNOS,LAKE SUPERIOR,13,2016-08-05 18:39:00,100,0.0,,,19.0,TEMP,TEMPERATURE (OF WATER),DEG C,47.2625,-87.93222
178348,CCGS LIMNOS,LAKE SUPERIOR,74,2016-08-16 02:25:00,100,0.0,,,19.0,TEMP,TEMPERATURE (OF WATER),DEG C,47.26861,-86.61722
149392,CCGS LIMNOS,LAKE SUPERIOR,75,2016-08-16 04:26:00,100,0.0,,,19.5,TEMP,TEMPERATURE (OF WATER),DEG C,47.26972,-86.86722
33252,CCGS LIMNOS,LAKE SUPERIOR,41,2016-08-11 23:40:00,100,0.0,,,18.5,TEMP,TEMPERATURE (OF WATER),DEG C,47.29778,-90.71833
144186,CCGS LIMNOS,LAKE SUPERIOR,25,2005-08-15 22:18:00,100,0.0,0.0,,16.200001,TEMP,TEMPERATURE (OF WATER),DEG C,47.31028,-89.97778
212833,CCGS LIMNOS,LAKE SUPERIOR,35,2019-05-26 00:00:00,100,0.0,,,1.5,TEMP,TEMPERATURE (OF WATER),DEG C,47.31028,-84.65833
281515,CCGS LIMNOS,LAKE SUPERIOR,33,2001-05-15 11:24:00,100,0.0,,,2.6,TEMP,TEMPERATURE (OF WATER),DEG C,47.32361,-86.37278
34264,CCGS LIMNOS,LAKE SUPERIOR,44,2003-05-22 13:29:00,100,0.0,,,2.3,TEMP,TEMPERATURE (OF WATER),DEG C,47.32444,-86.3675
16600,CCGS LIMNOS,LAKE SUPERIOR,36,2001-08-23 07:11:00,100,0.0,,,17.700001,TEMP,TEMPERATURE (OF WATER),DEG C,47.32472,-86.3725
118788,CCGS LIMNOS,LAKE SUPERIOR,38,2011-05-21 08:22:00,100,0.0,0.0,,2.3,TEMP,TEMPERATURE (OF WATER),DEG C,47.325,-86.3725
73257,CCGS LIMNOS,LAKE SUPERIOR,33,2005-06-08 02:52:00,100,0.0,0.0,,3.0,TEMP,TEMPERATURE (OF WATER),DEG C,47.33611,-89.80222
75953,CCGS LIMNOS,LAKE SUPERIOR,24,2005-06-04 11:00:00,100,0.0,0.0,,2.9,TEMP,TEMPERATURE (OF WATER),DEG C,47.33639,-89.80306
176465,CCGS LIMNOS,LAKE SUPERIOR,82,2016-08-17 02:04:00,100,0.0,,,21.0,TEMP,TEMPERATURE (OF WATER),DEG C,47.34806,-84.88222
81877,CCGS LIMNOS,LAKE SUPERIOR,76,2016-08-16 06:20:00,100,0.0,,,20.0,TEMP,TEMPERATURE (OF WATER),DEG C,47.35944,-87.00694
34527,CCGS LIMNOS,LAKE SUPERIOR,31,2003-05-21 02:00:00,100,0.0,,,3.1,TEMP,TEMPERATURE (OF WATER),DEG C,47.36611,-89.81833
194381,CCGS LIMNOS,LAKE SUPERIOR,37,2019-09-13 00:00:00,100,0.0,,,10.5,TEMP,TEMPERATURE (OF WATER),DEG C,47.36611,-88.81833
61691,CCGS LIMNOS,LAKE SUPERIOR,17,2013-05-17 10:25:00,100,0.0,0.0,,2.0,TEMP,TEMPERATURE (OF WATER),DEG C,47.36639,-88.81944
97951,CCGS LIMNOS,LAKE SUPERIOR,36,2008-09-22 16:59:00,100,0.0,0.0,,15.5,TEMP,TEMPERATURE (OF WATER),DEG C,47.36639,-88.81722
324891,CCGS LIMNOS,LAKE SUPERIOR,38,2008-05-11 16:03:00,100,0.0,0.0,,1.5,TEMP,TEMPERATURE (OF WATER),DEG C,47.36667,-88.81917
6807,CCGS LIMNOS,LAKE SUPERIOR,23,2001-05-14 05:50:00,100,0.0,,,2.8,TEMP,TEMPERATURE (OF WATER),DEG C,47.36667,-88.81861
116461,CCGS LIMNOS,LAKE SUPERIOR,26,2016-08-07 11:48:00,100,0.0,,,18.5,TEMP,TEMPERATURE (OF WATER),DEG C,47.36667,-88.81861
314952,CCGS LIMNOS,LAKE SUPERIOR,19,2016-05-28 16:51:00,100,0.0,,,3.5,TEMP,TEMPERATURE (OF WATER),DEG C,47.36667,-88.81778
181612,CCGS LIMNOS,LAKE SUPERIOR,26,2001-08-21 23:25:00,100,0.0,,,20.9,TEMP,TEMPERATURE (OF WATER),DEG C,47.36694,-88.81889
270675,CCGS LIMNOS,LAKE SUPERIOR,11,2005-08-11 06:06:00,100,0.0,0.0,,16.6,TEMP,TEMPERATURE (OF WATER),DEG C,47.39917,-87.42694
216495,CCGS LIMNOS,LAKE SUPERIOR,17,2005-10-04 19:33:00,100,0.0,0.0,,14.9,TEMP,TEMPERATURE (OF WATER),DEG C,47.40056,-87.41028
48251,CCGS LIMNOS,LAKE SUPERIOR,10,2005-05-30 02:48:00,100,0.0,0.0,,3.0,TEMP,TEMPERATURE (OF WATER),DEG C,47.40111,-87.41222
251076,CCGS LIMNOS,LAKE SUPERIOR,10,2013-05-16 14:23:00,100,0.0,0.0,,2.5,TEMP,TEMPERATURE (OF WATER),DEG C,47.40111,-87.41139
232913,CCGS LIMNOS,LAKE SUPERIOR,14,2016-08-05 21:52:00,100,0.0,,,18.5,TEMP,TEMPERATURE (OF WATER),DEG C,47.40111,-87.40972
54940,CCGS LIMNOS,LAKE SUPERIOR,11,2016-05-27 16:28:00,100,0.0,,,3.5,TEMP,TEMPERATURE (OF WATER),DEG C,47.40139,-87.41222
141016,CCGS LIMNOS,LAKE SUPERIOR,37,2011-05-21 03:14:00,100,0.0,0.0,,2.7,TEMP,TEMPERATURE (OF WATER),DEG C,47.40139,-87.41139
158095,CCGS LIMNOS,LAKE SUPERIOR,26,2001-05-14 13:19:00,100,0.0,,,2.1,TEMP,TEMPERATURE (OF WATER),DEG C,47.40167,-87.41194
195659,CCGS LIMNOS,LAKE SUPERIOR,44,2008-05-12 10:55:00,100,0.0,0.0,,1.8,TEMP,TEMPERATURE (OF WATER),DEG C,47.40167,-87.41139
288451,CCGS LIMNOS,LAKE SUPERIOR,44,2008-09-23 18:34:00,100,0.0,0.0,,14.6,TEMP,TEMPERATURE (OF WATER),DEG C,47.40194,-87.41222
294237,CCGS LIMNOS,LAKE SUPERIOR,29,2001-08-22 07:25:00,100,0.0,,,19.200001,TEMP,TEMPERATURE (OF WATER),DEG C,47.40194,-87.41056
204354,CCGS LIMNOS,LAKE SUPERIOR,36,2003-05-21 14:42:00,100,0.0,,,2.5,TEMP,TEMPERATURE (OF WATER),DEG C,47.40222,-87.41222
251841,CCGS LIMNOS,LAKE SUPERIOR,46,2013-05-21 11:36:00,100,0.0,0.0,,2.0,TEMP,TEMPERATURE (OF WATER),DEG C,47.43361,-85.29944
221557,CCGS LIMNOS,LAKE SUPERIOR,6,2005-09-30 20:03:00,100,0.0,0.0,,10.5,TEMP,TEMPERATURE (OF WATER),DEG C,47.44306,-89.92222
264933,CCGS LIMNOS,LAKE SUPERIOR,71,2016-08-15 17:35:00,100,0.0,,,18.5,TEMP,TEMPERATURE (OF WATER),DEG C,47.44833,-85.55028
50319,CCGS LIMNOS,LAKE SUPERIOR,20,2013-05-17 20:06:00,100,0.0,0.0,,1.5,TEMP,TEMPERATURE (OF WATER),DEG C,47.44889,-89.92
39943,CCGS LIMNOS,LAKE SUPERIOR,23,2005-06-03 23:53:00,100,0.0,0.0,,2.9,TEMP,TEMPERATURE (OF WATER),DEG C,47.44944,-89.92083
130724,CCGS LIMNOS,LAKE SUPERIOR,18,2011-05-16 14:00:00,100,0.0,0.0,,2.2,TEMP,TEMPERATURE (OF WATER),DEG C,47.44944,-89.92056
161861,CCGS LIMNOS,LAKE SUPERIOR,22,2008-09-20 23:46:00,100,0.0,0.0,,11.7,TEMP,TEMPERATURE (OF WATER),DEG C,47.44972,-89.92194
108875,CCGS LIMNOS,LAKE SUPERIOR,46,2016-08-12 13:36:00,100,0.0,,,17.5,TEMP,TEMPERATURE (OF WATER),DEG C,47.44972,-89.92139
307306,CCGS LIMNOS,LAKE SUPERIOR,21,2019-09-08 00:00:00,100,0.0,,,10.0,TEMP,TEMPERATURE (OF WATER),DEG C,47.45,-89.92
304986,CCGS LIMNOS,LAKE SUPERIOR,22,2011-08-01 01:17:00,100,0.0,0.0,,15.5,TEMP,TEMPERATURE (OF WATER),DEG C,47.45,-89.91889
80405,CCGS LIMNOS,LAKE SUPERIOR,24,2008-05-10 00:40:00,100,0.0,0.0,,1.6,TEMP,TEMPERATURE (OF WATER),DEG C,47.45028,-89.92083
252287,CCGS LIMNOS,LAKE SUPERIOR,22,2003-05-19 05:35:00,100,0.0,,,2.0,TEMP,TEMPERATURE (OF WATER),DEG C,47.45056,-89.92111
37060,CCGS LIMNOS,LAKE SUPERIOR,32,2005-06-07 10:30:00,100,0.0,0.0,,3.0,TEMP,TEMPERATURE (OF WATER),DEG C,47.45083,-89.92028
270551,CCGS LIMNOS,LAKE SUPERIOR,73,2016-08-15 23:02:00,100,0.0,,,20.0,TEMP,TEMPERATURE (OF WATER),DEG C,47.45083,-86.07694
95061,CCGS LIMNOS,LAKE SUPERIOR,5,2003-05-17 00:15:00,100,0.0,,,2.1,TEMP,TEMPERATURE (OF WATER),DEG C,47.45417,-85.27472
288363,CCGS LIMNOS,LAKE SUPERIOR,45,2011-05-22 11:08:00,100,0.0,0.0,,2.5,TEMP,TEMPERATURE (OF WATER),DEG C,47.45472,-85.27556
307071,CCGS LIMNOS,LAKE SUPERIOR,3,2005-05-24 23:26:00,100,0.0,0.0,,2.5,TEMP,TEMPERATURE (OF WATER),DEG C,47.45472,-85.275
179954,CCGS LIMNOS,LAKE SUPERIOR,34,2019-05-26 00:00:00,100,0.0,,,1.5,TEMP,TEMPERATURE (OF WATER),DEG C,47.45472,-85.27472
97101,CCGS LIMNOS,LAKE SUPERIOR,27,2005-10-11 06:48:00,100,0.0,0.0,,13.4,TEMP,TEMPERATURE (OF WATER),DEG C,47.455,-85.27417
208737,CCGS LIMNOS,LAKE SUPERIOR,4,2001-08-18 08:15:00,100,0.0,,,17.5,TEMP,TEMPERATURE (OF WATER),DEG C,47.455,-85.27417
299306,CCGS LIMNOS,LAKE SUPERIOR,3,2001-05-10 16:12:00,100,0.0,,,2.1,TEMP,TEMPERATURE (OF WATER),DEG C,47.45528,-85.27444
44184,CCGS LIMNOS,LAKE SUPERIOR,3,2005-08-08 02:56:00,100,0.0,0.0,,16.5,TEMP,TEMPERATURE (OF WATER),DEG C,47.45528,-85.27111
124671,CCGS LIMNOS,LAKE SUPERIOR,34,2011-08-05 07:42:00,100,0.0,0.0,,17.4,TEMP,TEMPERATURE (OF WATER),DEG C,47.45667,-85.27528
76653,CCGS LIMNOS,LAKE SUPERIOR,26,2008-05-10 07:21:00,100,0.0,0.0,,1.5,TEMP,TEMPERATURE (OF WATER),DEG C,47.46639,-90.905
272410,CCGS LIMNOS,LAKE SUPERIOR,31,2013-05-19 05:08:00,100,0.0,0.0,,1.5,TEMP,TEMPERATURE (OF WATER),DEG C,47.46639,-90.90444
124918,CCGS LIMNOS,LAKE SUPERIOR,25,2016-05-29 21:38:00,100,0.0,,,3.0,TEMP,TEMPERATURE (OF WATER),DEG C,47.46639,-90.90417
245848,CCGS LIMNOS,LAKE SUPERIOR,27,2019-09-11 00:00:00,100,0.0,,,9.0,TEMP,TEMPERATURE (OF WATER),DEG C,47.46639,-90.90417
93552,CCGS LIMNOS,LAKE SUPERIOR,42,2016-08-12 02:23:00,100,0.0,,,18.0,TEMP,TEMPERATURE (OF WATER),DEG C,47.46667,-90.90556
224344,CCGS LIMNOS,LAKE SUPERIOR,24,2008-09-21 07:11:00,100,0.0,0.0,,10.5,TEMP,TEMPERATURE (OF WATER),DEG C,47.46667,-90.90389
312958,CCGS LIMNOS,LAKE SUPERIOR,20,2011-07-31 17:33:00,100,0.0,0.0,,16.9,TEMP,TEMPERATURE (OF WATER),DEG C,47.46944,-90.90472
250250,CCGS LIMNOS,LAKE SUPERIOR,20,2011-05-16 21:30:00,100,0.0,0.0,,2.1,TEMP,TEMPERATURE (OF WATER),DEG C,47.47,-90.905
66326,CCGS LIMNOS,LAKE SUPERIOR,43,2016-08-12 05:32:00,100,0.0,,,17.5,TEMP,TEMPERATURE (OF WATER),DEG C,47.48278,-90.45417
181947,CCGS LIMNOS,LAKE SUPERIOR,33,2019-05-26 00:00:00,100,0.0,,,1.5,TEMP,TEMPERATURE (OF WATER),DEG C,47.53417,-85.15056
124633,CCGS LIMNOS,LAKE SUPERIOR,6,2005-08-09 14:26:00,100,0.0,0.0,,16.299999,TEMP,TEMPERATURE (OF WATER),DEG C,47.5425,-86.99944
304847,CCGS LIMNOS,LAKE SUPERIOR,43,2008-05-12 07:40:00,100,0.0,0.0,,2.0,TEMP,TEMPERATURE (OF WATER),DEG C,47.58222,-86.95111
67946,CCGS LIMNOS,LAKE SUPERIOR,6,2001-05-11 05:16:00,100,0.0,,,2.5,TEMP,TEMPERATURE (OF WATER),DEG C,47.5825,-86.95139
254532,CCGS LIMNOS,LAKE SUPERIOR,11,2013-05-16 17:07:00,100,0.0,0.0,,2.6,TEMP,TEMPERATURE (OF WATER),DEG C,47.58278,-86.95139
30073,CCGS LIMNOS,LAKE SUPERIOR,12,2016-05-27 19:13:00,100,0.0,,,3.5,TEMP,TEMPERATURE (OF WATER),DEG C,47.58306,-86.95222
270625,CCGS LIMNOS,LAKE SUPERIOR,15,2016-08-06 01:16:00,100,0.0,,,17.0,TEMP,TEMPERATURE (OF WATER),DEG C,47.58306,-86.95083
210799,CCGS LIMNOS,LAKE SUPERIOR,8,2003-05-17 12:47:00,100,0.0,,,2.0,TEMP,TEMPERATURE (OF WATER),DEG C,47.58333,-86.9525
268826,CCGS LIMNOS,LAKE SUPERIOR,7,2001-08-18 21:25:00,100,0.0,,,16.799999,TEMP,TEMPERATURE (OF WATER),DEG C,47.58333,-86.95222
330872,CCGS LIMNOS,LAKE SUPERIOR,8,2011-07-29 01:47:00,100,0.0,0.0,,8.5,TEMP,TEMPERATURE (OF WATER),DEG C,47.58361,-86.95167
331094,CCGS LIMNOS,LAKE SUPERIOR,7,2005-05-28 16:42:00,100,0.0,0.0,,4.0,TEMP,TEMPERATURE (OF WATER),DEG C,47.58389,-86.95167
179888,CCGS LIMNOS,LAKE SUPERIOR,31,2011-05-20 04:52:00,100,0.0,0.0,,2.5,TEMP,TEMPERATURE (OF WATER),DEG C,47.58389,-86.95111
211887,CCGS LIMNOS,LAKE SUPERIOR,5,2005-08-09 02:02:00,100,0.0,0.0,,16.5,TEMP,TEMPERATURE (OF WATER),DEG C,47.58417,-86.94472
87326,CCGS LIMNOS,LAKE SUPERIOR,32,2019-05-26 00:00:00,100,0.0,,,2.0,TEMP,TEMPERATURE (OF WATER),DEG C,47.58528,-85.065
125062,CCGS LIMNOS,LAKE SUPERIOR,16,2005-10-04 07:27:00,100,0.0,0.0,,14.0,TEMP,TEMPERATURE (OF WATER),DEG C,47.58556,-86.95056
74986,CCGS LIMNOS,LAKE SUPERIOR,43,2008-09-23 15:18:00,100,0.0,0.0,,14.1,TEMP,TEMPERATURE (OF WATER),DEG C,47.58639,-86.95222
309744,CCGS LIMNOS,LAKE SUPERIOR,37,2008-09-22 20:32:00,100,0.0,0.0,,14.5,TEMP,TEMPERATURE (OF WATER),DEG C,47.60389,-88.215
106662,CCGS LIMNOS,LAKE SUPERIOR,20,2016-08-06 18:06:00,100,0.0,,,18.0,TEMP,TEMPERATURE (OF WATER),DEG C,47.60444,-88.21639
258262,CCGS LIMNOS,LAKE SUPERIOR,18,2016-05-28 13:15:00,100,0.0,,,3.0,TEMP,TEMPERATURE (OF WATER),DEG C,47.605,-88.21694
56042,CCGS LIMNOS,LAKE SUPERIOR,14,2013-05-17 02:35:00,100,0.0,0.0,,2.0,TEMP,TEMPERATURE (OF WATER),DEG C,47.605,-88.21639
113330,CCGS LIMNOS,LAKE SUPERIOR,24,2001-05-14 08:57:00,100,0.0,,,2.4,TEMP,TEMPERATURE (OF WATER),DEG C,47.60528,-88.21722
275732,CCGS LIMNOS,LAKE SUPERIOR,32,2003-05-21 04:49:00,100,0.0,,,2.6,TEMP,TEMPERATURE (OF WATER),DEG C,47.60556,-88.21667
32045,CCGS LIMNOS,LAKE SUPERIOR,40,2008-05-11 22:49:00,100,0.0,0.0,,1.5,TEMP,TEMPERATURE (OF WATER),DEG C,47.60583,-88.21722
324189,CCGS LIMNOS,LAKE SUPERIOR,28,2001-08-22 05:16:00,100,0.0,,,18.5,TEMP,TEMPERATURE (OF WATER),DEG C,47.60583,-87.71
306566,CCGS LIMNOS,LAKE SUPERIOR,27,2001-08-22 02:33:00,100,0.0,,,19.5,TEMP,TEMPERATURE (OF WATER),DEG C,47.60611,-88.21667
88428,CCGS LIMNOS,LAKE SUPERIOR,13,2016-05-27 23:28:00,100,0.0,,,3.1,TEMP,TEMPERATURE (OF WATER),DEG C,47.60611,-87.71056
287855,CCGS LIMNOS,LAKE SUPERIOR,19,2016-08-06 14:26:00,100,0.0,,,16.5,TEMP,TEMPERATURE (OF WATER),DEG C,47.60611,-87.70972
105964,CCGS LIMNOS,LAKE SUPERIOR,9,2011-07-29 06:51:00,100,0.0,0.0,,9.5,TEMP,TEMPERATURE (OF WATER),DEG C,47.60611,-87.70917
98134,CCGS LIMNOS,LAKE SUPERIOR,9,2005-08-10 14:30:00,100,0.0,0.0,,15.6,TEMP,TEMPERATURE (OF WATER),DEG C,47.60667,-87.71083
169138,CCGS LIMNOS,LAKE SUPERIOR,41,2008-05-12 01:54:00,100,0.0,0.0,,1.5,TEMP,TEMPERATURE (OF WATER),DEG C,47.60667,-87.71083
117638,CCGS LIMNOS,LAKE SUPERIOR,32,2011-05-20 09:13:00,100,0.0,0.0,,2.5,TEMP,TEMPERATURE (OF WATER),DEG C,47.60667,-87.70917
147357,CCGS LIMNOS,LAKE SUPERIOR,13,2013-05-16 23:43:00,100,0.0,0.0,,2.5,TEMP,TEMPERATURE (OF WATER),DEG C,47.60667,-87.70917
221873,CCGS LIMNOS,LAKE SUPERIOR,42,2008-09-23 11:02:00,100,0.0,0.0,,14.4,TEMP,TEMPERATURE (OF WATER),DEG C,47.60667,-87.70778
62397,CCGS LIMNOS,LAKE SUPERIOR,35,2003-05-21 12:40:00,100,0.0,,,2.8,TEMP,TEMPERATURE (OF WATER),DEG C,47.60722,-87.70944
270841,CCGS LIMNOS,LAKE SUPERIOR,25,2001-05-14 11:19:00,100,0.0,,,2.6,TEMP,TEMPERATURE (OF WATER),DEG C,47.60722,-87.70944
301559,CCGS LIMNOS,LAKE SUPERIOR,11,2005-05-30 10:52:00,100,0.0,0.0,,3.0,TEMP,TEMPERATURE (OF WATER),DEG C,47.60778,-87.70889
146706,CCGS LIMNOS,LAKE SUPERIOR,18,2008-09-20 12:06:00,100,0.0,0.0,,13.0,TEMP,TEMPERATURE (OF WATER),DEG C,47.60806,-89.00028
221738,CCGS LIMNOS,LAKE SUPERIOR,20,2003-05-19 00:33:00,100,0.0,,,2.5,TEMP,TEMPERATURE (OF WATER),DEG C,47.61306,-89.00056
185414,CCGS LIMNOS,LAKE SUPERIOR,18,2019-09-08 00:00:00,100,0.0,,,11.0,TEMP,TEMPERATURE (OF WATER),DEG C,47.61306,-89.00028
21297,CCGS LIMNOS,LAKE SUPERIOR,25,2016-08-07 08:48:00,100,0.0,,,18.5,TEMP,TEMPERATURE (OF WATER),DEG C,47.61333,-89.00083
252540,CCGS LIMNOS,LAKE SUPERIOR,20,2008-05-09 14:49:00,100,0.0,0.0,,1.5,TEMP,TEMPERATURE (OF WATER),DEG C,47.61361,-89.00028
89379,CCGS LIMNOS,LAKE SUPERIOR,16,2001-05-12 16:27:00,100,0.0,,,2.4,TEMP,TEMPERATURE (OF WATER),DEG C,47.61389,-89.00083
126251,CCGS LIMNOS,LAKE SUPERIOR,17,2001-08-20 10:28:00,100,0.0,,,16.4,TEMP,TEMPERATURE (OF WATER),DEG C,47.61389,-88.99889
16965,CCGS LIMNOS,LAKE SUPERIOR,16,2013-05-17 08:16:00,100,0.0,0.0,,2.0,TEMP,TEMPERATURE (OF WATER),DEG C,47.61417,-89.00056
11676,CCGS LIMNOS,LAKE SUPERIOR,70,2016-08-15 15:27:00,100,0.0,,,19.0,TEMP,TEMPERATURE (OF WATER),DEG C,47.63028,-85.54194
254268,CCGS LIMNOS,LAKE SUPERIOR,45,2016-08-12 11:05:00,100,0.0,,,16.5,TEMP,TEMPERATURE (OF WATER),DEG C,47.68333,-89.93639
246,CCGS LIMNOS,LAKE SUPERIOR,19,2008-09-20 14:47:00,100,0.0,0.0,,10.4,TEMP,TEMPERATURE (OF WATER),DEG C,47.68556,-89.4675
24018,CCGS LIMNOS,LAKE SUPERIOR,21,2003-05-19 03:01:00,100,0.0,,,2.3,TEMP,TEMPERATURE (OF WATER),DEG C,47.68694,-89.46583
193980,CCGS LIMNOS,LAKE SUPERIOR,6,2008-09-17 19:47:00,100,0.0,0.0,,15.2,TEMP,TEMPERATURE (OF WATER),DEG C,47.68722,-85.96667
64715,CCGS LIMNOS,LAKE SUPERIOR,34,2013-05-19 14:14:00,100,0.0,0.0,,1.6,TEMP,TEMPERATURE (OF WATER),DEG C,47.68778,-89.46694
209165,CCGS LIMNOS,LAKE SUPERIOR,47,2016-08-12 17:07:00,100,0.0,,,17.5,TEMP,TEMPERATURE (OF WATER),DEG C,47.68806,-89.46694
236437,CCGS LIMNOS,LAKE SUPERIOR,20,2019-09-08 00:00:00,100,0.0,,,10.0,TEMP,TEMPERATURE (OF WATER),DEG C,47.68806,-89.46583
224786,CCGS LIMNOS,LAKE SUPERIOR,17,2001-05-12 18:37:00,100,0.0,,,2.4,TEMP,TEMPERATURE (OF WATER),DEG C,47.68833,-89.46639
149159,CCGS LIMNOS,LAKE SUPERIOR,18,2001-08-20 12:44:00,100,0.0,,,17.0,TEMP,TEMPERATURE (OF WATER),DEG C,47.68833,-89.46611
87787,CCGS LIMNOS,LAKE SUPERIOR,21,2008-05-09 17:07:00,100,0.0,0.0,,1.6,TEMP,TEMPERATURE (OF WATER),DEG C,47.68861,-89.46667
306589,CCGS LIMNOS,LAKE SUPERIOR,23,2011-08-01 08:07:00,100,0.0,0.0,,16.0,TEMP,TEMPERATURE (OF WATER),DEG C,47.68861,-89.46667
162774,CCGS LIMNOS,LAKE SUPERIOR,16,2011-05-15 23:33:00,100,0.0,0.0,,2.2,TEMP,TEMPERATURE (OF WATER),DEG C,47.68889,-89.46639
35467,CCGS LIMNOS,LAKE SUPERIOR,44,2013-05-21 01:24:00,100,0.0,0.0,,2.2,TEMP,TEMPERATURE (OF WATER),DEG C,47.68944,-85.96778
111463,CCGS LIMNOS,LAKE SUPERIOR,5,2001-05-11 00:35:00,100,0.0,,,2.0,TEMP,TEMPERATURE (OF WATER),DEG C,47.68944,-85.96722
309018,CCGS LIMNOS,LAKE SUPERIOR,4,2011-05-11 16:41:00,100,0.0,0.0,,3.9,TEMP,TEMPERATURE (OF WATER),DEG C,47.68944,-85.965
2320,CCGS LIMNOS,LAKE SUPERIOR,38,2016-05-31 21:11:00,100,0.0,,,3.1,TEMP,TEMPERATURE (OF WATER),DEG C,47.68972,-85.96667
314955,CCGS LIMNOS,LAKE SUPERIOR,6,2019-09-06 00:00:00,100,0.0,,,14.5,TEMP,TEMPERATURE (OF WATER),DEG C,47.69,-85.9675
191879,CCGS LIMNOS,LAKE SUPERIOR,3,2019-05-22 00:00:00,100,0.0,,,1.8,TEMP,TEMPERATURE (OF WATER),DEG C,47.69,-85.96722
148698,CCGS LIMNOS,LAKE SUPERIOR,72,2016-08-15 20:38:00,100,0.0,,,19.0,TEMP,TEMPERATURE (OF WATER),DEG C,47.69,-85.96639
120030,CCGS LIMNOS,LAKE SUPERIOR,6,2001-08-18 16:41:00,100,0.0,,,16.9,TEMP,TEMPERATURE (OF WATER),DEG C,47.69,-85.96611
292133,CCGS LIMNOS,LAKE SUPERIOR,7,2003-05-17 08:33:00,100,0.0,,,2.0,TEMP,TEMPERATURE (OF WATER),DEG C,47.69028,-85.96667
65456,CCGS LIMNOS,LAKE SUPERIOR,6,2008-05-07 18:44:00,100,0.0,0.0,,1.2,TEMP,TEMPERATURE (OF WATER),DEG C,47.69028,-85.96639
1098,CCGS LIMNOS,LAKE SUPERIOR,4,2005-05-25 08:16:00,100,0.0,0.0,,2.4,TEMP,TEMPERATURE (OF WATER),DEG C,47.72,-85.13861
280182,CCGS LIMNOS,LAKE SUPERIOR,31,2019-05-26 00:00:00,100,0.0,,,1.5,TEMP,TEMPERATURE (OF WATER),DEG C,47.72083,-85.13833
204885,CCGS LIMNOS,LAKE SUPERIOR,18,2001-05-12 21:57:00,100,0.0,,,2.3,TEMP,TEMPERATURE (OF WATER),DEG C,47.74,-90.24167
120319,CCGS LIMNOS,LAKE SUPERIOR,22,2005-06-03 20:21:00,100,0.0,0.0,,3.0,TEMP,TEMPERATURE (OF WATER),DEG C,47.745,-90.235
275276,CCGS LIMNOS,LAKE SUPERIOR,44,2016-08-12 08:35:00,100,0.0,,,15.8,TEMP,TEMPERATURE (OF WATER),DEG C,47.74583,-90.235
287034,CCGS LIMNOS,LAKE SUPERIOR,32,2013-05-19 09:08:00,100,0.0,0.0,,1.5,TEMP,TEMPERATURE (OF WATER),DEG C,47.74611,-90.23528
93841,CCGS LIMNOS,LAKE SUPERIOR,19,2011-05-16 16:45:00,100,0.0,0.0,,2.1,TEMP,TEMPERATURE (OF WATER),DEG C,47.74639,-90.23472
4610,CCGS LIMNOS,LAKE SUPERIOR,21,2008-09-20 20:39:00,100,0.0,0.0,,13.2,TEMP,TEMPERATURE (OF WATER),DEG C,47.74639,-90.23444
205543,CCGS LIMNOS,LAKE SUPERIOR,26,2019-09-11 00:00:00,100,0.0,,,8.75,TEMP,TEMPERATURE (OF WATER),DEG C,47.74639,-90.23444
69518,CCGS LIMNOS,LAKE SUPERIOR,21,2011-07-31 21:41:00,100,0.0,0.0,,15.5,TEMP,TEMPERATURE (OF WATER),DEG C,47.74667,-90.23528
198820,CCGS LIMNOS,LAKE SUPERIOR,26,2016-05-30 01:34:00,100,0.0,,,3.3,TEMP,TEMPERATURE (OF WATER),DEG C,47.74667,-90.235
281213,CCGS LIMNOS,LAKE SUPERIOR,12,2005-10-02 13:16:00,100,0.0,0.0,,14.2,TEMP,TEMPERATURE (OF WATER),DEG C,47.74667,-90.235
67392,CCGS LIMNOS,LAKE SUPERIOR,23,2008-05-09 21:59:00,100,0.0,0.0,,1.8,TEMP,TEMPERATURE (OF WATER),DEG C,47.74667,-90.23444
37944,CCGS LIMNOS,LAKE SUPERIOR,23,2003-05-19 08:11:00,100,0.0,,,2.2,TEMP,TEMPERATURE (OF WATER),DEG C,47.74694,-90.23528
67516,CCGS LIMNOS,LAKE SUPERIOR,19,2001-08-20 16:29:00,100,0.0,,,17.200001,TEMP,TEMPERATURE (OF WATER),DEG C,47.74694,-90.23528
173005,CCGS LIMNOS,LAKE SUPERIOR,23,2016-08-07 03:21:00,100,0.0,,,19.0,TEMP,TEMPERATURE (OF WATER),DEG C,47.8,-88.73583
311533,CCGS LIMNOS,LAKE SUPERIOR,17,2008-09-20 09:56:00,100,0.0,0.0,,12.0,TEMP,TEMPERATURE (OF WATER),DEG C,47.80139,-89.14167
237914,CCGS LIMNOS,LAKE SUPERIOR,19,2019-09-08 00:00:00,100,0.0,,,12.5,TEMP,TEMPERATURE (OF WATER),DEG C,47.80278,-89.14722
53951,CCGS LIMNOS,LAKE SUPERIOR,19,2008-05-09 13:08:00,100,0.0,0.0,,1.5,TEMP,TEMPERATURE (OF WATER),DEG C,47.80306,-89.14667
317482,CCGS LIMNOS,LAKE SUPERIOR,19,2003-05-18 22:59:00,100,0.0,,,2.5,TEMP,TEMPERATURE (OF WATER),DEG C,47.80333,-89.14833
220381,CCGS LIMNOS,LAKE SUPERIOR,24,2016-08-07 06:26:00,100,0.0,,,17.5,TEMP,TEMPERATURE (OF WATER),DEG C,47.80333,-89.14583
109949,CCGS LIMNOS,LAKE SUPERIOR,15,2001-05-12 14:46:00,100,0.0,,,2.2,TEMP,TEMPERATURE (OF WATER),DEG C,47.80361,-89.14694
205226,CCGS LIMNOS,LAKE SUPERIOR,35,2013-05-19 16:15:00,100,0.0,0.0,,2.0,TEMP,TEMPERATURE (OF WATER),DEG C,47.80361,-89.14528
112185,CCGS LIMNOS,LAKE SUPERIOR,16,2001-08-20 08:39:00,100,0.0,,,17.200001,TEMP,TEMPERATURE (OF WATER),DEG C,47.80389,-89.14722
218649,CCGS LIMNOS,LAKE SUPERIOR,68,2016-08-15 06:21:00,100,0.0,,,18.0,TEMP,TEMPERATURE (OF WATER),DEG C,47.80389,-85.80611
175914,CCGS LIMNOS,LAKE SUPERIOR,65,2016-08-14 21:51:00,100,0.0,,,17.5,TEMP,TEMPERATURE (OF WATER),DEG C,47.805,-86.61583
165518,CCGS LIMNOS,LAKE SUPERIOR,16,2016-08-06 05:46:00,100,0.0,,,15.7,TEMP,TEMPERATURE (OF WATER),DEG C,47.80694,-87.13528
131221,CCGS LIMNOS,LAKE SUPERIOR,7,2019-05-23 00:00:00,100,0.0,,,2.0,TEMP,TEMPERATURE (OF WATER),DEG C,47.8075,-85.83278
238360,CCGS LIMNOS,LAKE SUPERIOR,30,2019-05-26 00:00:00,100,0.0,,,1.5,TEMP,TEMPERATURE (OF WATER),DEG C,47.83278,-85.20778
300729,CCGS LIMNOS,LAKE SUPERIOR,14,2016-05-28 01:49:00,100,0.0,,,3.0,TEMP,TEMPERATURE (OF WATER),DEG C,47.84611,-87.4575
301237,CCGS LIMNOS,LAKE SUPERIOR,42,2008-05-12 04:13:00,100,0.0,0.0,,1.7,TEMP,TEMPERATURE (OF WATER),DEG C,47.84639,-87.45722
227037,CCGS LIMNOS,LAKE SUPERIOR,12,2013-05-16 21:15:00,100,0.0,0.0,,2.5,TEMP,TEMPERATURE (OF WATER),DEG C,47.84667,-87.45611
322836,CCGS LIMNOS,LAKE SUPERIOR,17,2016-08-06 08:47:00,100,0.0,,,16.0,TEMP,TEMPERATURE (OF WATER),DEG C,47.84667,-87.45528
319687,CCGS LIMNOS,LAKE SUPERIOR,33,2003-05-21 06:39:00,100,0.0,,,2.2,TEMP,TEMPERATURE (OF WATER),DEG C,47.84694,-88.33722
262293,CCGS LIMNOS,LAKE SUPERIOR,12,2001-05-12 00:17:00,100,0.0,,,2.1,TEMP,TEMPERATURE (OF WATER),DEG C,47.84694,-87.45667
159584,CCGS LIMNOS,LAKE SUPERIOR,41,2008-09-23 08:26:00,100,0.0,0.0,,12.3,TEMP,TEMPERATURE (OF WATER),DEG C,47.84722,-87.4575
130695,CCGS LIMNOS,LAKE SUPERIOR,13,2001-08-19 17:06:00,100,0.0,,,16.5,TEMP,TEMPERATURE (OF WATER),DEG C,47.84722,-87.45528
14806,CCGS LIMNOS,LAKE SUPERIOR,34,2003-05-21 10:35:00,100,0.0,,,2.6,TEMP,TEMPERATURE (OF WATER),DEG C,47.8475,-87.45722
107884,CCGS LIMNOS,LAKE SUPERIOR,39,2008-05-11 20:43:00,100,0.0,0.0,,1.5,TEMP,TEMPERATURE (OF WATER),DEG C,47.84778,-88.33722
129588,CCGS LIMNOS,LAKE SUPERIOR,38,2008-09-22 22:52:00,100,0.0,0.0,,14.0,TEMP,TEMPERATURE (OF WATER),DEG C,47.84778,-88.33583
84694,CCGS LIMNOS,LAKE SUPERIOR,17,2016-05-28 10:58:00,100,0.0,,,2.8,TEMP,TEMPERATURE (OF WATER),DEG C,47.84806,-88.33806
212536,CCGS LIMNOS,LAKE SUPERIOR,13,2001-05-12 04:31:00,100,0.0,,,2.3,TEMP,TEMPERATURE (OF WATER),DEG C,47.84806,-88.33667
123328,CCGS LIMNOS,LAKE SUPERIOR,29,2011-05-19 08:52:00,100,0.0,0.0,,2.5,TEMP,TEMPERATURE (OF WATER),DEG C,47.84806,-88.33639
90221,CCGS LIMNOS,LAKE SUPERIOR,15,2013-05-17 04:38:00,100,0.0,0.0,,1.7,TEMP,TEMPERATURE (OF WATER),DEG C,47.84806,-88.33611
151393,CCGS LIMNOS,LAKE SUPERIOR,18,2005-10-07 16:19:00,100,0.0,0.0,,9.6,TEMP,TEMPERATURE (OF WATER),DEG C,47.84806,-88.33611
277855,CCGS LIMNOS,LAKE SUPERIOR,21,2016-08-06 20:58:00,100,0.0,,,19.0,TEMP,TEMPERATURE (OF WATER),DEG C,47.84806,-88.33583
229001,CCGS LIMNOS,LAKE SUPERIOR,14,2001-08-19 21:29:00,100,0.0,,,16.299999,TEMP,TEMPERATURE (OF WATER),DEG C,47.84833,-88.33722
93466,CCGS LIMNOS,LAKE SUPERIOR,17,2019-09-07 00:00:00,100,0.0,,,13.0,TEMP,TEMPERATURE (OF WATER),DEG C,47.84833,-88.33667
165774,CCGS LIMNOS,LAKE SUPERIOR,10,2011-07-29 11:07:00,100,0.0,0.0,,11.8,TEMP,TEMPERATURE (OF WATER),DEG C,47.84833,-88.33556
33610,CCGS LIMNOS,LAKE SUPERIOR,10,2005-08-10 18:41:00,100,0.0,0.0,,19.299999,TEMP,TEMPERATURE (OF WATER),DEG C,47.84861,-88.33778
42938,CCGS LIMNOS,LAKE SUPERIOR,12,2005-05-30 15:01:00,100,0.0,0.0,,2.8,TEMP,TEMPERATURE (OF WATER),DEG C,47.85,-88.33694
87719,CCGS LIMNOS,LAKE SUPERIOR,9,2003-05-17 15:31:00,100,0.0,,,2.1,TEMP,TEMPERATURE (OF WATER),DEG C,47.85778,-86.63333
224795,CCGS LIMNOS,LAKE SUPERIOR,9,2019-05-23 00:00:00,100,0.0,,,2.0,TEMP,TEMPERATURE (OF WATER),DEG C,47.85778,-86.63222
173689,CCGS LIMNOS,LAKE SUPERIOR,8,2001-08-19 00:24:00,100,0.0,,,16.299999,TEMP,TEMPERATURE (OF WATER),DEG C,47.85833,-86.63306
19832,CCGS LIMNOS,LAKE SUPERIOR,7,2001-05-11 08:50:00,100,0.0,,,2.6,TEMP,TEMPERATURE (OF WATER),DEG C,47.85917,-86.63667
168757,CCGS LIMNOS,LAKE SUPERIOR,33,2013-05-19 12:25:00,100,0.0,0.0,,1.5,TEMP,TEMPERATURE (OF WATER),DEG C,47.88278,-89.64056
153932,CCGS LIMNOS,LAKE SUPERIOR,22,2019-09-08 00:00:00,100,0.0,,,9.0,TEMP,TEMPERATURE (OF WATER),DEG C,47.88278,-89.64028
196514,CCGS LIMNOS,LAKE SUPERIOR,27,2016-05-30 05:00:00,100,0.0,,,3.0,TEMP,TEMPERATURE (OF WATER),DEG C,47.88306,-89.64056
54758,CCGS LIMNOS,LAKE SUPERIOR,19,2005-08-14 04:00:00,100,0.0,0.0,,11.8,TEMP,TEMPERATURE (OF WATER),DEG C,47.88333,-89.64028
57786,CCGS LIMNOS,LAKE SUPERIOR,22,2008-05-09 18:57:00,100,0.0,0.0,,2.0,TEMP,TEMPERATURE (OF WATER),DEG C,47.88333,-89.64
109141,CCGS LIMNOS,LAKE SUPERIOR,13,2005-10-02 16:31:00,100,0.0,0.0,,14.9,TEMP,TEMPERATURE (OF WATER),DEG C,47.88333,-89.63694
182265,CCGS LIMNOS,LAKE SUPERIOR,21,2005-06-03 14:23:00,100,0.0,0.0,,2.7,TEMP,TEMPERATURE (OF WATER),DEG C,47.88361,-89.64
143280,CCGS LIMNOS,LAKE SUPERIOR,20,2008-09-20 17:13:00,100,0.0,0.0,,12.5,TEMP,TEMPERATURE (OF WATER),DEG C,47.88361,-89.63944
211374,CCGS LIMNOS,LAKE SUPERIOR,48,2016-08-12 19:41:00,100,0.0,,,17.5,TEMP,TEMPERATURE (OF WATER),DEG C,47.88361,-89.63944
91103,CCGS LIMNOS,LAKE SUPERIOR,34,2005-06-09 03:28:00,100,0.0,0.0,,3.6,TEMP,TEMPERATURE (OF WATER),DEG C,47.88361,-89.63889
38458,CCGS LIMNOS,LAKE SUPERIOR,18,2016-08-06 11:27:00,100,0.0,,,16.1,TEMP,TEMPERATURE (OF WATER),DEG C,47.89444,-87.79972
211375,CCGS LIMNOS,LAKE SUPERIOR,64,2016-08-14 20:06:00,100,0.0,,,17.5,TEMP,TEMPERATURE (OF WATER),DEG C,47.89806,-86.74611
113082,CCGS LIMNOS,LAKE SUPERIOR,6,2019-05-23 00:00:00,100,0.0,,,1.5,TEMP,TEMPERATURE (OF WATER),DEG C,47.90806,-85.73694
211252,CCGS LIMNOS,LAKE SUPERIOR,5,2008-09-17 14:29:00,100,0.0,0.0,,16.2,TEMP,TEMPERATURE (OF WATER),DEG C,47.91667,-84.91306
223747,CCGS LIMNOS,LAKE SUPERIOR,45,2013-05-21 07:22:00,100,0.0,0.0,,2.0,TEMP,TEMPERATURE (OF WATER),DEG C,47.91722,-84.91278
19015,CCGS LIMNOS,LAKE SUPERIOR,5,2011-05-11 23:01:00,100,0.0,0.0,,4.0,TEMP,TEMPERATURE (OF WATER),DEG C,47.91778,-84.91333
281504,CCGS LIMNOS,LAKE SUPERIOR,5,2005-05-25 11:06:00,100,0.0,0.0,,2.5,TEMP,TEMPERATURE (OF WATER),DEG C,47.91778,-84.91222
66726,CCGS LIMNOS,LAKE SUPERIOR,5,2001-08-18 11:40:00,100,0.0,,,17.6,TEMP,TEMPERATURE (OF WATER),DEG C,47.91806,-84.91306
132235,CCGS LIMNOS,LAKE SUPERIOR,25,2005-10-10 20:03:00,100,0.0,0.0,,14.8,TEMP,TEMPERATURE (OF WATER),DEG C,47.91806,-84.91222
543,CCGS LIMNOS,LAKE SUPERIOR,33,2011-08-05 01:08:00,100,0.0,0.0,,19.5,TEMP,TEMPERATURE (OF WATER),DEG C,47.91806,-84.91194
73634,CCGS LIMNOS,LAKE SUPERIOR,7,2019-09-06 00:00:00,100,0.0,,,16.0,TEMP,TEMPERATURE (OF WATER),DEG C,47.91833,-84.91389
29276,CCGS LIMNOS,LAKE SUPERIOR,4,2019-05-22 00:00:00,100,0.0,,,1.5,TEMP,TEMPERATURE (OF WATER),DEG C,47.91833,-84.91333
256115,CCGS LIMNOS,LAKE SUPERIOR,5,2008-05-07 13:44:00,100,0.0,0.0,,1.0,TEMP,TEMPERATURE (OF WATER),DEG C,47.91833,-84.91306
49502,CCGS LIMNOS,LAKE SUPERIOR,6,2003-05-17 03:28:00,100,0.0,,,2.4,TEMP,TEMPERATURE (OF WATER),DEG C,47.91833,-84.91278
277357,CCGS LIMNOS,LAKE SUPERIOR,39,2016-06-01 02:23:00,100,0.0,,,3.2,TEMP,TEMPERATURE (OF WATER),DEG C,47.91833,-84.91278
283836,CCGS LIMNOS,LAKE SUPERIOR,69,2016-08-15 10:54:00,100,0.0,,,19.5,TEMP,TEMPERATURE (OF WATER),DEG C,47.91861,-84.91333
181453,CCGS LIMNOS,LAKE SUPERIOR,4,2005-08-08 14:51:00,100,0.0,0.0,,19.5,TEMP,TEMPERATURE (OF WATER),DEG C,47.91944,-84.91083
237573,CCGS LIMNOS,LAKE SUPERIOR,4,2001-05-10 19:27:00,100,0.0,,,2.4,TEMP,TEMPERATURE (OF WATER),DEG C,47.91972,-84.91389
329375,CCGS LIMNOS,LAKE SUPERIOR,5,2019-05-23 00:00:00,100,0.0,,,1.5,TEMP,TEMPERATURE (OF WATER),DEG C,47.92694,-85.28667
140322,CCGS LIMNOS,LAKE SUPERIOR,66,2016-08-14 23:54:00,100,0.0,,,17.5,TEMP,TEMPERATURE (OF WATER),DEG C,47.98111,-86.61722
17491,CCGS LIMNOS,LAKE SUPERIOR,39,2008-09-23 01:26:00,100,0.0,0.0,,12.8,TEMP,TEMPERATURE (OF WATER),DEG C,48.10444,-88.455
306872,CCGS LIMNOS,LAKE SUPERIOR,16,2016-05-28 08:44:00,100,0.0,,,3.5,TEMP,TEMPERATURE (OF WATER),DEG C,48.1075,-88.45833
2979,CCGS LIMNOS,LAKE SUPERIOR,16,2019-09-07 00:00:00,100,0.0,,,13.0,TEMP,TEMPERATURE (OF WATER),DEG C,48.10806,-88.4575
137442,CCGS LIMNOS,LAKE SUPERIOR,22,2016-08-06 23:58:00,100,0.0,,,19.5,TEMP,TEMPERATURE (OF WATER),DEG C,48.10833,-88.45722
228487,CCGS LIMNOS,LAKE SUPERIOR,15,2008-05-09 01:54:00,100,0.0,0.0,,1.6,TEMP,TEMPERATURE (OF WATER),DEG C,48.10861,-88.45944
244120,CCGS LIMNOS,LAKE SUPERIOR,17,2003-05-18 14:25:00,100,0.0,,,2.3,TEMP,TEMPERATURE (OF WATER),DEG C,48.10861,-88.45833
31715,CCGS LIMNOS,LAKE SUPERIOR,7,2008-09-18 00:32:00,100,0.0,0.0,,12.5,TEMP,TEMPERATURE (OF WATER),DEG C,48.11222,-86.29972
154721,CCGS LIMNOS,LAKE SUPERIOR,7,2008-05-07 22:37:00,100,0.0,0.0,,2.0,TEMP,TEMPERATURE (OF WATER),DEG C,48.11222,-86.29972
116943,CCGS LIMNOS,LAKE SUPERIOR,67,2016-08-15 02:22:00,100,0.0,,,17.0,TEMP,TEMPERATURE (OF WATER),DEG C,48.1125,-86.30111
169395,CCGS LIMNOS,LAKE SUPERIOR,24,2005-10-10 03:36:00,100,0.0,0.0,,14.6,TEMP,TEMPERATURE (OF WATER),DEG C,48.11278,-86.30028
149562,CCGS LIMNOS,LAKE SUPERIOR,17,2005-06-01 01:54:00,100,0.0,0.0,,2.9,TEMP,TEMPERATURE (OF WATER),DEG C,48.11306,-86.30056
330149,CCGS LIMNOS,LAKE SUPERIOR,37,2016-05-31 17:35:00,100,0.0,,,3.5,TEMP,TEMPERATURE (OF WATER),DEG C,48.11306,-86.3
227500,CCGS LIMNOS,LAKE SUPERIOR,32,2011-08-04 17:46:00,100,0.0,0.0,,14.8,TEMP,TEMPERATURE (OF WATER),DEG C,48.11333,-86.30083
33058,CCGS LIMNOS,LAKE SUPERIOR,8,2019-05-23 00:00:00,100,0.0,,,1.8,TEMP,TEMPERATURE (OF WATER),DEG C,48.11333,-86.30028
21526,CCGS LIMNOS,LAKE SUPERIOR,10,2003-05-17 17:30:00,100,0.0,,,2.3,TEMP,TEMPERATURE (OF WATER),DEG C,48.11333,-86.29972
142431,CCGS LIMNOS,LAKE SUPERIOR,8,2019-09-06 00:00:00,100,0.0,,,14.0,TEMP,TEMPERATURE (OF WATER),DEG C,48.11333,-86.29917
155741,CCGS LIMNOS,LAKE SUPERIOR,43,2013-05-20 21:38:00,100,0.0,0.0,,2.5,TEMP,TEMPERATURE (OF WATER),DEG C,48.11361,-86.30111
209486,CCGS LIMNOS,LAKE SUPERIOR,12,2005-08-11 17:21:00,100,0.0,0.0,,16.4,TEMP,TEMPERATURE (OF WATER),DEG C,48.11361,-86.29944
117724,CCGS LIMNOS,LAKE SUPERIOR,6,2011-05-12 06:11:00,100,0.0,0.0,,3.9,TEMP,TEMPERATURE (OF WATER),DEG C,48.11389,-86.3
190626,CCGS LIMNOS,LAKE SUPERIOR,40,2008-09-23 05:31:00,100,0.0,0.0,,13.5,TEMP,TEMPERATURE (OF WATER),DEG C,48.14417,-87.70389
135078,CCGS LIMNOS,LAKE SUPERIOR,15,2016-05-28 04:28:00,100,0.0,,,3.0,TEMP,TEMPERATURE (OF WATER),DEG C,48.14444,-87.70417
148811,CCGS LIMNOS,LAKE SUPERIOR,11,2011-05-13 00:52:00,100,0.0,0.0,,5.1,TEMP,TEMPERATURE (OF WATER),DEG C,48.14444,-87.70361
18998,CCGS LIMNOS,LAKE SUPERIOR,12,2019-05-24 00:00:00,100,0.0,,,2.0,TEMP,TEMPERATURE (OF WATER),DEG C,48.14444,-87.70333
32410,CCGS LIMNOS,LAKE SUPERIOR,53,2016-08-13 13:19:00,100,0.0,,,15.5,TEMP,TEMPERATURE (OF WATER),DEG C,48.14444,-87.70306
273309,CCGS LIMNOS,LAKE SUPERIOR,11,2001-05-11 21:36:00,100,0.0,,,2.3,TEMP,TEMPERATURE (OF WATER),DEG C,48.145,-87.70333
139785,CCGS LIMNOS,LAKE SUPERIOR,19,2005-10-07 22:29:00,100,0.0,0.0,,10.5,TEMP,TEMPERATURE (OF WATER),DEG C,48.145,-87.70278
274688,CCGS LIMNOS,LAKE SUPERIOR,13,2005-05-30 23:05:00,100,0.0,0.0,,2.9,TEMP,TEMPERATURE (OF WATER),DEG C,48.14528,-87.70389
237512,CCGS LIMNOS,LAKE SUPERIOR,26,2011-08-03 06:55:00,100,0.0,0.0,,9.1,TEMP,TEMPERATURE (OF WATER),DEG C,48.14528,-87.70361
98971,CCGS LIMNOS,LAKE SUPERIOR,10,2019-09-06 00:00:00,100,0.0,,,13.75,TEMP,TEMPERATURE (OF WATER),DEG C,48.14528,-87.7025
233831,CCGS LIMNOS,LAKE SUPERIOR,15,2003-05-18 07:14:00,100,0.0,,,2.4,TEMP,TEMPERATURE (OF WATER),DEG C,48.14528,-87.7025
132869,CCGS LIMNOS,LAKE SUPERIOR,12,2001-08-19 14:31:00,100,0.0,,,15.8,TEMP,TEMPERATURE (OF WATER),DEG C,48.14556,-87.70361
116178,CCGS LIMNOS,LAKE SUPERIOR,14,2008-05-08 22:36:00,100,0.0,0.0,,2.0,TEMP,TEMPERATURE (OF WATER),DEG C,48.14556,-87.70333
210990,CCGS LIMNOS,LAKE SUPERIOR,23,2019-09-08 00:00:00,100,0.0,,,9.5,TEMP,TEMPERATURE (OF WATER),DEG C,48.14944,-89.14889
228785,CCGS LIMNOS,LAKE SUPERIOR,36,2013-05-19 19:20:00,100,0.0,0.0,,1.4,TEMP,TEMPERATURE (OF WATER),DEG C,48.14944,-89.14889
14288,CCGS LIMNOS,LAKE SUPERIOR,49,2016-08-12 23:27:00,100,0.0,,,16.5,TEMP,TEMPERATURE (OF WATER),DEG C,48.14944,-89.14806
260680,CCGS LIMNOS,LAKE SUPERIOR,18,2008-05-09 09:53:00,100,0.0,0.0,,1.2,TEMP,TEMPERATURE (OF WATER),DEG C,48.14972,-89.14861
176562,CCGS LIMNOS,LAKE SUPERIOR,28,2016-05-30 08:13:00,100,0.0,,,2.5,TEMP,TEMPERATURE (OF WATER),DEG C,48.14972,-89.1475
290642,CCGS LIMNOS,LAKE SUPERIOR,16,2008-09-20 06:31:00,100,0.0,0.0,,10.2,TEMP,TEMPERATURE (OF WATER),DEG C,48.15,-89.14917
132415,CCGS LIMNOS,LAKE SUPERIOR,14,2019-05-24 00:00:00,100,0.0,,,2.5,TEMP,TEMPERATURE (OF WATER),DEG C,48.15,-89.14694
300860,CCGS LIMNOS,LAKE SUPERIOR,13,2005-08-12 02:43:00,100,0.0,0.0,,16.799999,TEMP,TEMPERATURE (OF WATER),DEG C,48.15028,-87.70472
278919,CCGS LIMNOS,LAKE SUPERIOR,50,2016-08-13 00:55:00,100,0.0,,,17.0,TEMP,TEMPERATURE (OF WATER),DEG C,48.15222,-89.02361
282245,CCGS LIMNOS,LAKE SUPERIOR,17,2005-08-13 11:48:00,100,0.0,0.0,,15.5,TEMP,TEMPERATURE (OF WATER),DEG C,48.155,-89.02306
272132,CCGS LIMNOS,LAKE SUPERIOR,8,2001-05-11 12:00:00,100,0.0,,,2.2,TEMP,TEMPERATURE (OF WATER),DEG C,48.21722,-87.01528
316129,CCGS LIMNOS,LAKE SUPERIOR,8,2008-09-18 04:53:00,100,0.0,0.0,,13.2,TEMP,TEMPERATURE (OF WATER),DEG C,48.21778,-87.01667
206528,CCGS LIMNOS,LAKE SUPERIOR,9,2001-08-19 04:02:00,100,0.0,,,16.0,TEMP,TEMPERATURE (OF WATER),DEG C,48.21806,-87.01611
292312,CCGS LIMNOS,LAKE SUPERIOR,36,2016-05-31 13:56:00,100,0.0,,,3.1,TEMP,TEMPERATURE (OF WATER),DEG C,48.21833,-87.01694
22198,CCGS LIMNOS,LAKE SUPERIOR,10,2019-05-23 00:00:00,100,0.0,,,2.0,TEMP,TEMPERATURE (OF WATER),DEG C,48.21833,-87.01611
123069,CCGS LIMNOS,LAKE SUPERIOR,9,2019-09-06 00:00:00,100,0.0,,,14.0,TEMP,TEMPERATURE (OF WATER),DEG C,48.21833,-87.01583
118869,CCGS LIMNOS,LAKE SUPERIOR,63,2016-08-14 16:50:00,100,0.0,,,15.8,TEMP,TEMPERATURE (OF WATER),DEG C,48.21861,-87.01639
163558,CCGS LIMNOS,LAKE SUPERIOR,11,2003-05-17 20:51:00,100,0.0,,,2.1,TEMP,TEMPERATURE (OF WATER),DEG C,48.21917,-87.01611
249464,CCGS LIMNOS,LAKE SUPERIOR,8,2008-05-08 02:05:00,100,0.0,0.0,,1.8,TEMP,TEMPERATURE (OF WATER),DEG C,48.22,-87.01667
155271,CCGS LIMNOS,LAKE SUPERIOR,29,2019-05-26 00:00:00,100,0.0,,,2.5,TEMP,TEMPERATURE (OF WATER),DEG C,48.23306,-86.15083
55621,CCGS LIMNOS,LAKE SUPERIOR,15,2011-05-15 12:19:00,100,0.0,0.0,,4.0,TEMP,TEMPERATURE (OF WATER),DEG C,48.25222,-89.18111
250775,CCGS LIMNOS,LAKE SUPERIOR,51,2016-08-13 03:20:00,100,0.0,,,16.5,TEMP,TEMPERATURE (OF WATER),DEG C,48.2525,-89.18
36440,CCGS LIMNOS,LAKE SUPERIOR,37,2013-05-19 20:46:00,100,0.0,0.0,,4.0,TEMP,TEMPERATURE (OF WATER),DEG C,48.25278,-89.17972
7618,CCGS LIMNOS,LAKE SUPERIOR,14,2005-10-02 22:29:00,100,0.0,0.0,,14.5,TEMP,TEMPERATURE (OF WATER),DEG C,48.25278,-89.17944
105496,CCGS LIMNOS,LAKE SUPERIOR,24,2019-09-08 00:00:00,100,0.0,,,12.0,TEMP,TEMPERATURE (OF WATER),DEG C,48.25306,-89.18
5448,CCGS LIMNOS,LAKE SUPERIOR,20,2005-06-02 00:15:00,100,0.0,0.0,,8.4,TEMP,TEMPERATURE (OF WATER),DEG C,48.25306,-89.17944
68194,CCGS LIMNOS,LAKE SUPERIOR,18,2005-08-13 23:20:00,100,0.0,0.0,,17.0,TEMP,TEMPERATURE (OF WATER),DEG C,48.25333,-89.18028
118162,CCGS LIMNOS,LAKE SUPERIOR,17,2008-05-09 08:00:00,100,0.0,0.0,,2.4,TEMP,TEMPERATURE (OF WATER),DEG C,48.25333,-89.18
324020,CCGS LIMNOS,LAKE SUPERIOR,14,2001-05-12 10:15:00,100,0.0,,,3.8,TEMP,TEMPERATURE (OF WATER),DEG C,48.25333,-89.17972
235280,CCGS LIMNOS,LAKE SUPERIOR,29,2016-05-30 09:54:00,100,0.0,,,7.6,TEMP,TEMPERATURE (OF WATER),DEG C,48.25333,-89.17944
34125,CCGS LIMNOS,LAKE SUPERIOR,24,2011-08-01 13:08:00,100,0.0,0.0,,15.5,TEMP,TEMPERATURE (OF WATER),DEG C,48.25333,-89.17917
78774,CCGS LIMNOS,LAKE SUPERIOR,15,2008-09-19 05:29:00,100,0.0,0.0,,13.5,TEMP,TEMPERATURE (OF WATER),DEG C,48.25361,-89.17944
218906,CCGS LIMNOS,LAKE SUPERIOR,15,2001-08-20 03:32:00,100,0.0,,,16.799999,TEMP,TEMPERATURE (OF WATER),DEG C,48.25389,-89.18056
38199,CCGS LIMNOS,LAKE SUPERIOR,18,2003-05-18 19:02:00,100,0.0,,,7.5,TEMP,TEMPERATURE (OF WATER),DEG C,48.25389,-89.18
169867,CCGS LIMNOS,LAKE SUPERIOR,15,2019-05-24 00:00:00,100,0.0,,,4.5,TEMP,TEMPERATURE (OF WATER),DEG C,48.26028,-89.17
305826,CCGS LIMNOS,LAKE SUPERIOR,13,2019-05-24 00:00:00,100,0.0,,,2.5,TEMP,TEMPERATURE (OF WATER),DEG C,48.2825,-88.59722
203327,CCGS LIMNOS,LAKE SUPERIOR,18,2019-05-25 00:00:00,100,0.0,,,2.5,TEMP,TEMPERATURE (OF WATER),DEG C,48.28972,-88.83167
19556,CCGS LIMNOS,LAKE SUPERIOR,17,2019-05-25 00:00:00,100,0.0,,,3.0,TEMP,TEMPERATURE (OF WATER),DEG C,48.30194,-88.95056
234448,CCGS LIMNOS,LAKE SUPERIOR,20,2005-10-09 03:24:00,100,0.0,0.0,,12.9,TEMP,TEMPERATURE (OF WATER),DEG C,48.32167,-89.04028
137042,CCGS LIMNOS,LAKE SUPERIOR,19,2019-05-25 00:00:00,100,0.0,,,2.5,TEMP,TEMPERATURE (OF WATER),DEG C,48.32972,-88.63444
116371,CCGS LIMNOS,LAKE SUPERIOR,54,2016-08-13 17:29:00,100,0.0,,,17.0,TEMP,TEMPERATURE (OF WATER),DEG C,48.34583,-87.93556
270104,CCGS LIMNOS,LAKE SUPERIOR,55,2016-08-13 19:32:00,100,0.0,,,17.0,TEMP,TEMPERATURE (OF WATER),DEG C,48.34694,-88.21028
223249,CCGS LIMNOS,LAKE SUPERIOR,38,2013-05-20 02:38:00,100,0.0,0.0,,2.0,TEMP,TEMPERATURE (OF WATER),DEG C,48.41583,-88.93333
56569,CCGS LIMNOS,LAKE SUPERIOR,14,2011-05-13 23:24:00,100,0.0,0.0,,2.7,TEMP,TEMPERATURE (OF WATER),DEG C,48.41611,-88.93444
76932,CCGS LIMNOS,LAKE SUPERIOR,16,2019-05-24 00:00:00,100,0.0,,,2.5,TEMP,TEMPERATURE (OF WATER),DEG C,48.41639,-88.93444
171716,CCGS LIMNOS,LAKE SUPERIOR,14,2008-09-19 03:26:00,100,0.0,0.0,,13.6,TEMP,TEMPERATURE (OF WATER),DEG C,48.41639,-88.93389
300802,CCGS LIMNOS,LAKE SUPERIOR,25,2019-09-08 00:00:00,100,0.0,,,13.5,TEMP,TEMPERATURE (OF WATER),DEG C,48.41639,-88.93389
186073,CCGS LIMNOS,LAKE SUPERIOR,25,2011-08-01 16:39:00,100,0.0,0.0,,17.6,TEMP,TEMPERATURE (OF WATER),DEG C,48.41639,-88.93333
299467,CCGS LIMNOS,LAKE SUPERIOR,52,2016-08-13 05:57:00,100,0.0,,,19.5,TEMP,TEMPERATURE (OF WATER),DEG C,48.41639,-88.93306
261750,CCGS LIMNOS,LAKE SUPERIOR,30,2016-05-30 12:06:00,100,0.0,,,7.5,TEMP,TEMPERATURE (OF WATER),DEG C,48.41667,-88.93333
14186,CCGS LIMNOS,LAKE SUPERIOR,19,2005-06-01 21:44:00,100,0.0,0.0,,13.5,TEMP,TEMPERATURE (OF WATER),DEG C,48.41694,-88.93194
290493,CCGS LIMNOS,LAKE SUPERIOR,16,2008-05-09 06:16:00,100,0.0,0.0,,1.5,TEMP,TEMPERATURE (OF WATER),DEG C,48.41722,-88.93306
238029,CCGS LIMNOS,LAKE SUPERIOR,22,2005-10-09 18:51:00,100,0.0,0.0,,14.0,TEMP,TEMPERATURE (OF WATER),DEG C,48.43667,-87.25361
197215,CCGS LIMNOS,LAKE SUPERIOR,12,2011-05-13 11:06:00,100,0.0,0.0,,5.0,TEMP,TEMPERATURE (OF WATER),DEG C,48.43778,-87.25417
89881,CCGS LIMNOS,LAKE SUPERIOR,11,2019-05-23 00:00:00,100,0.0,,,2.0,TEMP,TEMPERATURE (OF WATER),DEG C,48.43778,-87.25306
2892,CCGS LIMNOS,LAKE SUPERIOR,10,2001-05-11 18:40:00,100,0.0,,,2.2,TEMP,TEMPERATURE (OF WATER),DEG C,48.43778,-87.2525
284579,CCGS LIMNOS,LAKE SUPERIOR,14,2005-05-31 10:17:00,100,0.0,0.0,,2.5,TEMP,TEMPERATURE (OF WATER),DEG C,48.43806,-87.25333
305336,CCGS LIMNOS,LAKE SUPERIOR,11,2001-08-19 11:38:00,100,0.0,,,15.6,TEMP,TEMPERATURE (OF WATER),DEG C,48.43806,-87.25306
304330,CCGS LIMNOS,LAKE SUPERIOR,27,2011-08-03 21:08:00,100,0.0,0.0,,13.9,TEMP,TEMPERATURE (OF WATER),DEG C,48.43833,-87.25361
197460,CCGS LIMNOS,LAKE SUPERIOR,9,2008-05-08 04:08:00,100,0.0,0.0,,1.3,TEMP,TEMPERATURE (OF WATER),DEG C,48.43833,-87.25333
162248,CCGS LIMNOS,LAKE SUPERIOR,11,2019-09-07 00:00:00,100,0.0,,,13.0,TEMP,TEMPERATURE (OF WATER),DEG C,48.43833,-87.25306
254990,CCGS LIMNOS,LAKE SUPERIOR,35,2016-05-31 11:41:00,100,0.0,,,3.0,TEMP,TEMPERATURE (OF WATER),DEG C,48.43833,-87.25306
82485,CCGS LIMNOS,LAKE SUPERIOR,14,2003-05-18 04:29:00,100,0.0,,,2.0,TEMP,TEMPERATURE (OF WATER),DEG C,48.43833,-87.25278
134070,CCGS LIMNOS,LAKE SUPERIOR,14,2005-08-12 13:10:00,100,0.0,0.0,,15.5,TEMP,TEMPERATURE (OF WATER),DEG C,48.43861,-87.25389
44165,CCGS LIMNOS,LAKE SUPERIOR,9,2008-09-18 07:30:00,100,0.0,0.0,,13.0,TEMP,TEMPERATURE (OF WATER),DEG C,48.43861,-87.25333
265769,CCGS LIMNOS,LAKE SUPERIOR,62,2016-08-14 14:04:00,100,0.0,,,15.5,TEMP,TEMPERATURE (OF WATER),DEG C,48.43861,-87.2525
240865,CCGS LIMNOS,LAKE SUPERIOR,61,2016-08-14 11:11:00,100,0.0,,,16.5,TEMP,TEMPERATURE (OF WATER),DEG C,48.44028,-86.72972
33964,CCGS LIMNOS,LAKE SUPERIOR,20,2019-05-25 00:00:00,100,0.0,,,2.0,TEMP,TEMPERATURE (OF WATER),DEG C,48.45806,-88.0075
287697,CCGS LIMNOS,LAKE SUPERIOR,28,2019-05-26 00:00:00,100,0.0,,,2.5,TEMP,TEMPERATURE (OF WATER),DEG C,48.56889,-86.34639
218627,CCGS LIMNOS,LAKE SUPERIOR,21,2005-10-09 08:09:00,100,0.0,0.0,,11.8,TEMP,TEMPERATURE (OF WATER),DEG C,48.57333,-88.11306
114712,CCGS LIMNOS,LAKE SUPERIOR,39,2013-05-20 08:40:00,100,0.0,0.0,,2.0,TEMP,TEMPERATURE (OF WATER),DEG C,48.57361,-88.11583
139897,CCGS LIMNOS,LAKE SUPERIOR,21,2019-05-25 00:00:00,100,0.0,,,2.0,TEMP,TEMPERATURE (OF WATER),DEG C,48.57389,-88.11722
185967,CCGS LIMNOS,LAKE SUPERIOR,31,2016-05-30 23:38:00,100,0.0,,,3.0,TEMP,TEMPERATURE (OF WATER),DEG C,48.57389,-88.11556
190255,CCGS LIMNOS,LAKE SUPERIOR,16,2003-05-18 11:05:00,100,0.0,,,2.0,TEMP,TEMPERATURE (OF WATER),DEG C,48.57444,-88.11694
140402,CCGS LIMNOS,LAKE SUPERIOR,56,2016-08-13 22:01:00,100,0.0,,,18.0,TEMP,TEMPERATURE (OF WATER),DEG C,48.57472,-88.11694
175620,CCGS LIMNOS,LAKE SUPERIOR,13,2008-09-18 21:33:00,100,0.0,0.0,,14.0,TEMP,TEMPERATURE (OF WATER),DEG C,48.57472,-88.11639
298961,CCGS LIMNOS,LAKE SUPERIOR,28,2011-08-04 02:46:00,100,0.0,0.0,,16.1,TEMP,TEMPERATURE (OF WATER),DEG C,48.57472,-88.11611
43944,CCGS LIMNOS,LAKE SUPERIOR,13,2008-05-08 18:30:00,100,0.0,0.0,,2.0,TEMP,TEMPERATURE (OF WATER),DEG C,48.575,-88.11694
260686,CCGS LIMNOS,LAKE SUPERIOR,18,2005-06-01 15:39:00,100,0.0,0.0,,2.5,TEMP,TEMPERATURE (OF WATER),DEG C,48.575,-88.11667
56175,CCGS LIMNOS,LAKE SUPERIOR,13,2011-05-13 15:32:00,100,0.0,0.0,,3.0,TEMP,TEMPERATURE (OF WATER),DEG C,48.575,-88.11583
217198,CCGS LIMNOS,LAKE SUPERIOR,15,2019-09-07 00:00:00,100,0.0,,,13.5,TEMP,TEMPERATURE (OF WATER),DEG C,48.57556,-88.11667
238409,CCGS LIMNOS,LAKE SUPERIOR,16,2005-08-13 00:54:00,100,0.0,0.0,,17.299999,TEMP,TEMPERATURE (OF WATER),DEG C,48.58111,-88.11
324031,CCGS LIMNOS,LAKE SUPERIOR,42,2013-05-20 17:56:00,100,0.0,0.0,,2.2,TEMP,TEMPERATURE (OF WATER),DEG C,48.5825,-86.56611
133868,CCGS LIMNOS,LAKE SUPERIOR,60,2016-08-14 09:12:00,100,0.0,,,18.0,TEMP,TEMPERATURE (OF WATER),DEG C,48.58278,-86.56556
7066,CCGS LIMNOS,LAKE SUPERIOR,34,2016-05-31 08:15:00,100,0.0,,,3.0,TEMP,TEMPERATURE (OF WATER),DEG C,48.58278,-86.56528
277107,CCGS LIMNOS,LAKE SUPERIOR,12,2003-05-17 23:43:00,100,0.0,,,2.0,TEMP,TEMPERATURE (OF WATER),DEG C,48.58306,-86.565
88934,CCGS LIMNOS,LAKE SUPERIOR,7,2011-05-12 09:33:00,100,0.0,0.0,,4.1,TEMP,TEMPERATURE (OF WATER),DEG C,48.58333,-86.56556
25011,CCGS LIMNOS,LAKE SUPERIOR,10,2008-09-18 11:13:00,100,0.0,0.0,,14.2,TEMP,TEMPERATURE (OF WATER),DEG C,48.58333,-86.565
80906,CCGS LIMNOS,LAKE SUPERIOR,10,2008-05-08 07:35:00,100,0.0,0.0,,1.5,TEMP,TEMPERATURE (OF WATER),DEG C,48.58333,-86.565
157209,CCGS LIMNOS,LAKE SUPERIOR,12,2019-09-07 00:00:00,100,0.0,,,15.0,TEMP,TEMPERATURE (OF WATER),DEG C,48.58333,-86.56472
162590,CCGS LIMNOS,LAKE SUPERIOR,26,2019-05-26 00:00:00,100,0.0,,,1.5,TEMP,TEMPERATURE (OF WATER),DEG C,48.58333,-86.56472
225869,CCGS LIMNOS,LAKE SUPERIOR,31,2011-08-04 13:45:00,100,0.0,0.0,,13.5,TEMP,TEMPERATURE (OF WATER),DEG C,48.58361,-86.565
129702,CCGS LIMNOS,LAKE SUPERIOR,16,2005-05-31 16:55:00,100,0.0,0.0,,4.7,TEMP,TEMPERATURE (OF WATER),DEG C,48.58444,-86.56306
273483,CCGS LIMNOS,LAKE SUPERIOR,57,2016-08-14 00:53:00,100,0.0,,,16.5,TEMP,TEMPERATURE (OF WATER),DEG C,48.615,-87.8
210735,CCGS LIMNOS,LAKE SUPERIOR,23,2019-05-25 00:00:00,100,0.0,,,2.0,TEMP,TEMPERATURE (OF WATER),DEG C,48.61528,-87.43611
74732,CCGS LIMNOS,LAKE SUPERIOR,27,2019-05-26 00:00:00,100,0.0,,,1.5,TEMP,TEMPERATURE (OF WATER),DEG C,48.70028,-86.41861
13119,CCGS LIMNOS,LAKE SUPERIOR,12,2008-09-18 17:23:00,100,0.0,0.0,,14.5,TEMP,TEMPERATURE (OF WATER),DEG C,48.73028,-87.56306
247033,CCGS LIMNOS,LAKE SUPERIOR,32,2016-05-31 02:42:00,100,0.0,,,3.2,TEMP,TEMPERATURE (OF WATER),DEG C,48.73278,-87.56361
186034,CCGS LIMNOS,LAKE SUPERIOR,12,2008-05-08 15:44:00,100,0.0,0.0,,1.4,TEMP,TEMPERATURE (OF WATER),DEG C,48.73278,-87.56278
85273,CCGS LIMNOS,LAKE SUPERIOR,14,2019-09-07 00:00:00,100,0.0,,,14.0,TEMP,TEMPERATURE (OF WATER),DEG C,48.73278,-87.5625
133182,CCGS LIMNOS,LAKE SUPERIOR,58,2016-08-14 02:12:00,100,0.0,,,17.0,TEMP,TEMPERATURE (OF WATER),DEG C,48.73306,-87.56444
178282,CCGS LIMNOS,LAKE SUPERIOR,40,2013-05-20 11:56:00,100,0.0,0.0,,2.0,TEMP,TEMPERATURE (OF WATER),DEG C,48.73306,-87.56444
202744,CCGS LIMNOS,LAKE SUPERIOR,29,2011-08-04 06:18:00,100,0.0,0.0,,15.7,TEMP,TEMPERATURE (OF WATER),DEG C,48.73306,-87.56417
208227,CCGS LIMNOS,LAKE SUPERIOR,22,2019-05-25 00:00:00,100,0.0,,,2.0,TEMP,TEMPERATURE (OF WATER),DEG C,48.73361,-87.56417
203722,CCGS LIMNOS,LAKE SUPERIOR,10,2011-05-12 17:24:00,100,0.0,0.0,,3.9,TEMP,TEMPERATURE (OF WATER),DEG C,48.73361,-87.56333
272143,CCGS LIMNOS,LAKE SUPERIOR,24,2019-05-25 00:00:00,100,0.0,,,2.0,TEMP,TEMPERATURE (OF WATER),DEG C,48.735,-87.16611
268421,CCGS LIMNOS,LAKE SUPERIOR,13,2019-09-07 00:00:00,100,0.0,,,14.5,TEMP,TEMPERATURE (OF WATER),DEG C,48.75306,-86.99556
35620,CCGS LIMNOS,LAKE SUPERIOR,9,2001-05-11 15:48:00,100,0.0,,,2.0,TEMP,TEMPERATURE (OF WATER),DEG C,48.75583,-86.97417
107999,CCGS LIMNOS,LAKE SUPERIOR,25,2019-05-25 00:00:00,100,0.0,,,2.0,TEMP,TEMPERATURE (OF WATER),DEG C,48.75611,-86.97611
318198,CCGS LIMNOS,LAKE SUPERIOR,41,2013-05-20 15:19:00,100,0.0,0.0,,2.0,TEMP,TEMPERATURE (OF WATER),DEG C,48.75611,-86.97556
136122,CCGS LIMNOS,LAKE SUPERIOR,15,2005-05-31 13:37:00,100,0.0,0.0,,3.3,TEMP,TEMPERATURE (OF WATER),DEG C,48.75639,-86.97583
19209,CCGS LIMNOS,LAKE SUPERIOR,13,2003-05-18 02:00:00,100,0.0,,,2.1,TEMP,TEMPERATURE (OF WATER),DEG C,48.75639,-86.975
251638,CCGS LIMNOS,LAKE SUPERIOR,11,2008-05-08 12:56:00,100,0.0,0.0,,1.3,TEMP,TEMPERATURE (OF WATER),DEG C,48.75667,-86.97667
22197,CCGS LIMNOS,LAKE SUPERIOR,59,2016-08-14 05:31:00,100,0.0,,,17.9,TEMP,TEMPERATURE (OF WATER),DEG C,48.75667,-86.97639
293704,CCGS LIMNOS,LAKE SUPERIOR,33,2016-05-31 05:38:00,100,0.0,,,3.5,TEMP,TEMPERATURE (OF WATER),DEG C,48.75667,-86.97639
311472,CCGS LIMNOS,LAKE SUPERIOR,10,2001-08-19 08:07:00,100,0.0,,,16.9,TEMP,TEMPERATURE (OF WATER),DEG C,48.75667,-86.97639
190999,CCGS LIMNOS,LAKE SUPERIOR,30,2011-08-04 09:39:00,100,0.0,0.0,,16.6,TEMP,TEMPERATURE (OF WATER),DEG C,48.75667,-86.97611
219258,CCGS LIMNOS,LAKE SUPERIOR,11,2008-09-18 14:03:00,100,0.0,0.0,,14.3,TEMP,TEMPERATURE (OF WATER),DEG C,48.75667,-86.97611
87291,CCGS LIMNOS,LAKE SUPERIOR,23,2005-10-09 21:53:00,100,0.0,0.0,,15.0,TEMP,TEMPERATURE (OF WATER),DEG C,48.75694,-86.97556
325775,CCGS LIMNOS,LAKE SUPERIOR,8,2011-05-12 12:26:00,100,0.0,0.0,,4.0,TEMP,TEMPERATURE (OF WATER),DEG C,48.75722,-86.97444
98307,CCGS LIMNOS,LAKE SUPERIOR,15,2005-08-12 16:22:00,100,0.0,0.0,,17.700001,TEMP,TEMPERATURE (OF WATER),DEG C,48.7575,-86.97611
174233,CCGS LIMNOS,LAKE SUPERIOR,9,2011-05-12 13:49:00,100,0.0,0.0,,5.5,TEMP,TEMPERATURE (OF WATER),DEG C,48.8,-86.99111
